# Time (s),Altitude (m),Vertical velocity (m/s),Total velocity (m/s),Vertical acceleration (m/s²),Angle of attack (°),Roll rate (°/s),Mass (g),Longitudinal moment of inertia (kg·m²),CP location (cm),CG location (cm),Stability margin calibers (​),Thrust (N),Drag force (N),Drag coefficient (​),Normal force coefficient (​),Damping moment coefficient (​),Corrective moment Coefficient ()
0,0,0,0,0,90,0,2943.655,0.327,NaN,67.547,NaN,0,0,0.66,NaN,NaN,NaN
0.01,8.852e-4,0.282,0.282,62.925,86.923,0,2942.564,0.327,NaN,67.536,NaN,213.993,1.973e-5,0.66,NaN,NaN,NaN
0.016,0.004,0.79,0.79,106.585,81.454,0,2941.91,0.327,NaN,67.529,NaN,342.389,4.076e-4,0.658,NaN,0.149,NaN
0.025,0.015,1.731,1.731,102.316,71.864,0,2940.078,0.326,NaN,67.511,NaN,329.629,0.004,0.655,NaN,0.135,NaN
0.035,0.038,2.73,2.73,97.566,62.787,0,2938.041,0.326,NaN,67.49,NaN,315.452,0.013,0.649,NaN,0.153,NaN
0.045,0.07,3.682,3.682,92.806,55.398,0,2936.005,0.326,NaN,67.469,NaN,301.274,0.028,0.642,NaN,0.159,NaN
0.048,0.081,3.958,3.958,91.377,53.479,0,2935.394,0.326,NaN,67.463,NaN,297.021,0.033,0.64,NaN,0.168,NaN
0.052,0.1,4.37,4.37,91.87,50.715,0,2934.516,0.326,NaN,67.454,NaN,298.388,0.042,0.637,NaN,0.185,NaN
0.059,0.132,4.993,4.993,92.609,46.82,0,2933.198,0.326,NaN,67.441,NaN,300.439,0.058,0.632,NaN,0.302,NaN
0.069,0.186,5.925,5.925,93.704,41.754,0,2931.245,0.326,NaN,67.421,NaN,303.477,0.086,0.626,NaN,0.324,NaN
0.079,0.25,6.867,6.867,94.799,37.432,0,2929.293,0.325,NaN,67.401,NaN,306.515,0.119,0.619,NaN,0.348,NaN
0.089,0.324,7.821,7.821,95.894,33.744,0,2927.34,0.325,NaN,67.381,NaN,309.552,0.157,0.613,NaN,0.372,NaN
0.099,0.407,8.785,8.785,96.988,30.584,0,2925.387,0.325,NaN,67.362,NaN,312.59,0.199,0.607,NaN,0.405,NaN
0.111,0.517,9.932,9.932,98.275,27.88,0,2923.093,0.325,NaN,67.338,NaN,316.16,0.253,0.601,NaN,0.434,NaN
0.121,0.621,10.918,10.918,98.999,25.948,0,2921.041,0.325,NaN,67.317,NaN,318.104,0.303,0.596,NaN,0.458,NaN
0.13,0.725,11.828,11.828,99.661,24.405,0,2919.162,0.324,NaN,67.298,NaN,319.884,0.355,0.596,NaN,0.484,NaN
0.139,0.828,12.673,12.673,100.272,23.142,0,2917.427,0.324,NaN,67.28,NaN,321.527,0.407,0.596,NaN,0.508,NaN
0.147,0.932,13.467,13.467,100.841,22.08,0,2915.808,0.324,NaN,67.263,NaN,323.061,0.458,0.596,NaN,0.529,NaN
0.154,1.034,14.218,14.218,101.377,21,0,2914.284,0.324,76.422,67.248,1.165,324.504,0.508,0.596,6.634,0.558,0.965
0.165,1.199,15.351,15.351,102.181,19.265,0.351,2911.999,0.324,76.821,67.224,1.219,326.669,0.586,0.596,6.084,0.579,1.176
0.173,1.324,16.164,16.164,102.754,18.146,0.637,2910.371,0.323,77.097,67.208,1.256,328.211,0.644,0.596,5.623,0.611,1.319
0.185,1.524,17.386,17.387,102.72,16.628,1.115,2907.886,0.323,77.499,67.182,1.31,327.92,0.733,0.596,5.017,0.656,1.55
0.202,1.836,19.143,19.143,102.671,14.8,1.917,2904.315,0.323,78.025,67.145,1.382,327.502,0.865,0.596,4.318,0.735,1.916
0.228,2.361,21.769,21.769,102.061,13.224,3.405,2899.005,0.322,78.521,67.09,1.452,325.345,1.084,0.596,3.742,0.827,2.525
0.258,3.076,24.887,24.887,101.326,11.498,5.692,2892.658,0.322,79.113,67.024,1.535,322.766,1.36,0.596,3.142,0.834,3.37
0.261,3.143,25.159,25.159,101.261,11.325,5.828,2892.102,0.322,79.176,67.018,1.544,322.54,1.384,0.596,3.084,0.845,3.451
0.265,3.245,25.566,25.567,101.078,11.069,6.006,2891.289,0.322,79.269,67.01,1.557,321.953,1.42,0.596,2.998,0.863,3.574
0.271,3.402,26.176,26.177,100.803,10.696,6.279,2890.068,0.321,79.407,66.997,1.576,321.073,1.474,0.596,2.874,0.888,3.763
0.28,3.643,27.088,27.089,100.389,10.156,6.699,2888.236,0.321,79.612,66.978,1.605,319.753,1.557,0.597,2.697,0.924,4.055
0.294,4.021,28.449,28.449,99.765,9.384,7.352,2885.489,0.321,79.915,66.949,1.647,317.772,1.682,0.597,2.451,0.977,4.514
0.314,4.622,30.474,30.475,98.824,8.286,8.378,2881.369,0.321,80.368,66.906,1.71,314.802,1.874,0.597,2.112,1.028,5.247
0.334,5.247,32.429,32.429,97.896,7.276,9.418,2877.354,0.32,80.81,66.863,1.771,311.907,2.066,0.597,1.812,1.098,6.013
0.363,6.233,35.28,35.281,97.898,5.761,10.995,2871.581,0.32,81.519,66.802,1.869,311.655,2.353,0.597,1.384,1.168,7.243
0.394,7.371,38.307,38.307,97.858,4.112,12.708,2865.452,0.319,82.362,66.737,1.984,311.388,2.673,0.598,0.948,1.251,8.7
0.43,8.808,41.817,41.817,97.737,2.552,14.714,2858.34,0.318,83.235,66.661,2.105,311.078,3.101,0.598,0.565,1.33,10.558
0.466,10.365,45.307,45.309,97.515,1.021,16.706,2851.255,0.317,84.172,66.585,2.234,310.768,3.583,0.598,0.217,1.412,12.615
0.498,11.881,48.454,48.461,97.21,0.383,18.481,2844.85,0.317,84.591,66.517,2.295,310.489,4.084,0.599,0.08,1.544,14.57
0.535,13.727,52.016,52.033,96.628,1.351,20.462,2837.607,0.316,83.977,66.438,2.227,309.738,4.737,0.599,0.29,1.678,16.753
0.572,15.745,55.627,55.661,95.947,2.246,22.437,2830.218,0.315,83.442,66.358,2.17,308.971,5.475,0.6,0.494,1.783,19.14
0.602,17.442,58.473,58.527,95.385,2.815,23.965,2824.355,0.315,83.118,66.294,2.137,308.363,6.103,0.6,0.629,1.851,21.163
0.623,18.662,60.427,60.498,95.13,2.982,25.001,2820.33,0.314,83.027,66.25,2.131,308.222,6.544,0.601,0.669,1.909,22.654
0.641,19.777,62.156,62.245,94.932,3.051,25.908,2816.76,0.314,82.993,66.21,2.131,308.097,6.94,0.601,0.686,1.961,24.035
0.658,20.836,63.751,63.858,94.773,3.085,26.738,2813.462,0.313,82.977,66.174,2.134,307.981,7.313,0.601,0.694,2.01,25.354
0.673,21.855,65.247,65.372,94.648,3.097,27.508,2810.364,0.313,82.975,66.14,2.138,307.872,7.668,0.601,0.697,2.055,26.632
0.688,22.843,66.665,66.809,94.565,3.047,28.232,2807.424,0.313,83.007,66.107,2.146,307.769,8.006,0.602,0.685,2.102,27.889
0.705,23.969,68.243,68.409,94.517,2.919,29.03,2804.15,0.312,83.084,66.071,2.161,307.654,8.382,0.602,0.655,2.141,29.341
0.719,24.964,69.608,69.794,94.699,2.744,29.714,2801.309,0.312,83.188,66.039,2.178,308.076,8.706,0.602,0.613,2.178,30.646
0.734,25.997,71.001,71.208,94.92,2.514,30.406,2798.416,0.312,83.325,66.007,2.199,308.505,9.037,0.603,0.558,2.216,32.023
0.75,27.1,72.463,72.692,95.188,2.224,31.125,2795.389,0.311,83.499,65.973,2.226,308.955,9.387,0.603,0.49,2.254,33.515
0.766,28.319,74.049,74.302,95.526,1.803,31.9,2792.114,0.311,83.757,65.937,2.263,309.441,9.769,0.603,0.393,2.296,35.205
0.786,29.792,75.93,76.209,95.954,1.256,32.811,2788.248,0.311,84.1,65.893,2.312,310.015,10.237,0.604,0.27,2.33,37.281
0.802,31.036,77.489,77.788,96.315,0.789,33.559,2785.056,0.31,84.402,65.858,2.355,310.489,10.642,0.604,0.167,2.381,39.057
0.826,32.949,79.835,80.162,96.578,0.158,34.675,2780.246,0.31,84.823,65.803,2.416,310.489,11.285,0.604,0.033,2.508,41.798
0.863,35.926,83.365,83.726,96.892,0.677,36.33,2773.031,0.309,84.493,65.722,2.384,310.489,12.33,0.605,0.143,2.647,45.689
0.902,39.268,87.166,87.555,97.072,1.264,38.076,2765.281,0.308,84.132,65.633,2.349,310.489,13.526,0.606,0.272,2.718,50.072
0.921,40.956,89.023,89.423,96.819,1.554,38.921,2761.519,0.308,83.959,65.59,2.333,309.658,14.15,0.607,0.337,2.77,52.29
0.936,42.302,90.475,90.88,96.59,1.705,39.582,2758.571,0.307,83.872,65.557,2.326,309.006,14.641,0.607,0.372,2.814,54.084
0.949,43.511,91.754,92.165,96.365,1.778,40.162,2755.967,0.307,83.833,65.527,2.325,308.431,15.075,0.607,0.388,2.852,55.713
0.962,44.654,92.945,93.36,96.137,1.793,40.702,2753.536,0.307,83.828,65.499,2.328,307.894,15.476,0.608,0.392,2.887,57.273
0.974,45.77,94.092,94.511,95.899,1.758,41.219,2751.191,0.307,83.854,65.472,2.335,307.375,15.861,0.608,0.384,2.92,58.814
0.986,46.894,95.229,95.652,95.646,1.677,41.731,2748.86,0.306,83.908,65.445,2.345,306.86,16.239,0.608,0.366,2.957,60.383
1,48.274,96.602,97.031,95.313,1.519,42.348,2746.035,0.306,84.01,65.412,2.362,306.236,16.695,0.609,0.33,2.988,62.333
1.013,49.542,97.858,98.292,97.195,1.313,42.904,2743.447,0.306,84.143,65.382,2.383,311.783,17.11,0.609,0.284,3.015,64.17
1.025,50.719,99.03,99.471,98.896,1.089,43.413,2741.074,0.305,84.288,65.354,2.405,316.869,17.502,0.609,0.234,3.053,65.926
1.042,52.454,100.733,101.185,97.117,0.717,44.156,2737.612,0.305,84.533,65.314,2.441,312.637,18.084,0.61,0.152,3.081,68.547
1.057,53.938,102.142,102.606,95.578,0.368,44.779,2734.696,0.305,84.767,65.28,2.475,309.072,18.583,0.61,0.077,3.139,70.784
1.079,56.202,104.234,104.718,95.014,0.186,45.703,2730.381,0.304,84.896,65.23,2.498,308.71,19.361,0.611,0.039,3.224,74.049
1.1,58.418,106.228,106.737,94.429,0.661,46.578,2726.241,0.304,84.593,65.181,2.465,308.363,20.153,0.611,0.14,3.315,76.982
1.123,60.935,108.46,109.002,95.938,1.076,47.543,2721.568,0.303,84.337,65.126,2.44,313.903,21.078,0.612,0.232,3.371,80.404
1.139,62.634,109.96,110.527,96.982,1.257,48.183,2718.468,0.303,84.231,65.09,2.431,317.578,21.71,0.613,0.272,3.412,82.798
1.151,63.932,111.095,111.682,96.163,1.335,48.667,2716.128,0.303,84.187,65.062,2.429,315.811,22.188,0.613,0.29,3.448,84.664
1.162,65.143,112.133,112.739,95.437,1.379,49.112,2713.969,0.302,84.164,65.036,2.429,314.181,22.625,0.613,0.3,3.479,86.407
1.172,66.306,113.116,113.74,94.785,1.377,49.534,2711.912,0.302,84.17,65.012,2.433,312.627,23.034,0.614,0.299,3.508,88.096
1.182,67.461,114.076,114.718,94.182,1.334,49.947,2709.889,0.302,84.202,64.988,2.44,311.099,23.431,0.614,0.289,3.535,89.785
1.192,68.643,115.045,115.705,93.609,1.248,50.362,2707.834,0.302,84.26,64.963,2.451,309.547,23.827,0.614,0.27,3.565,91.528
1.205,70.099,116.22,116.901,92.96,1.089,50.864,2705.327,0.301,84.366,64.934,2.468,307.654,24.305,0.615,0.235,3.591,93.693
1.217,71.528,117.356,118.058,92.873,0.88,51.346,2702.944,0.301,84.504,64.905,2.489,307.188,24.768,0.615,0.189,3.621,95.839
1.232,73.286,118.739,119.463,92.801,0.58,51.929,2700.042,0.301,84.704,64.87,2.519,306.62,25.34,0.615,0.123,3.661,98.508
1.254,75.963,120.812,121.565,92.714,0.075,52.792,2695.688,0.3,85.048,64.818,2.569,305.768,26.232,0.616,0.016,3.792,102.609
1.288,80.065,123.917,124.701,92.499,0.699,54.069,2689.158,0.3,84.654,64.739,2.529,304.49,27.684,0.617,0.149,3.833,108.225
1.298,81.309,124.842,125.633,92.388,0.874,54.447,2687.21,0.299,84.546,64.716,2.518,304.109,28.133,0.618,0.188,3.879,109.935
1.311,82.925,126.042,126.84,93.888,1.022,54.929,2684.665,0.299,84.458,64.685,2.511,308.195,28.712,0.618,0.221,3.915,112.217
1.322,84.299,127.068,127.871,95.117,1.091,55.335,2682.521,0.299,84.42,64.659,2.51,311.638,29.203,0.618,0.236,3.947,114.216
1.332,85.577,128.027,128.835,96.225,1.109,55.71,2680.541,0.299,84.414,64.635,2.512,314.817,29.658,0.619,0.24,3.96,116.126
1.336,86.12,128.435,129.245,96.686,1.103,55.868,2679.704,0.298,84.42,64.625,2.514,316.16,29.85,0.619,0.239,3.978,116.952
1.342,86.938,129.047,129.861,96.022,1.081,56.106,2678.458,0.298,84.437,64.61,2.518,314.541,30.137,0.619,0.234,4.004,118.203
1.352,88.173,129.958,130.775,95.008,1.019,56.464,2676.588,0.298,84.481,64.587,2.527,312.114,30.562,0.619,0.22,4.03,120.094
1.362,89.513,130.928,131.751,93.896,0.93,56.848,2674.572,0.298,84.543,64.562,2.538,309.496,31.019,0.62,0.201,4.056,122.145
1.373,90.976,131.967,132.796,92.66,0.792,57.261,2672.389,0.298,84.637,64.536,2.553,306.66,31.506,0.62,0.17,4.083,124.388
1.386,92.69,133.155,133.993,91.184,0.586,57.736,2669.853,0.297,84.777,64.505,2.575,303.367,32.068,0.621,0.125,4.108,127.017
1.4,94.534,134.401,135.249,89.566,0.329,58.234,2667.149,0.297,84.952,64.472,2.601,299.856,32.669,0.621,0.07,4.154,129.836
1.421,97.331,136.244,137.113,88.735,0.116,58.965,2663.225,0.297,85.103,64.423,2.626,299.123,33.593,0.622,0.024,4.276,133.986
1.452,101.598,138.975,139.886,87.45,0.67,60.03,2657.339,0.296,84.756,64.351,2.591,298.025,35.054,0.623,0.144,4.327,139.829
1.465,103.467,140.143,141.076,86.92,0.861,60.48,2654.795,0.296,84.641,64.319,2.581,297.55,35.694,0.623,0.186,4.362,142.412
1.476,104.936,141.049,141.999,86.559,0.954,60.827,2652.813,0.295,84.587,64.295,2.577,297.18,36.19,0.624,0.207,4.391,144.469
1.485,106.264,141.86,142.827,86.284,0.992,61.135,2651.03,0.295,84.567,64.272,2.577,296.847,36.629,0.624,0.215,4.416,146.356
1.494,107.542,142.634,143.618,86.069,0.988,61.428,2649.324,0.295,84.575,64.251,2.581,296.528,37.042,0.624,0.214,4.432,148.194
1.5,108.415,143.16,144.154,85.95,0.962,61.625,2648.165,0.295,84.594,64.237,2.585,296.312,37.319,0.625,0.209,4.45,149.462
1.509,109.73,143.948,144.959,86.131,0.827,61.921,2646.43,0.295,84.685,64.215,2.6,296.701,37.732,0.625,0.179,4.468,151.432
1.52,111.249,144.855,145.883,86.381,0.634,62.263,2644.438,0.294,84.815,64.19,2.619,297.149,38.208,0.625,0.136,4.489,153.739
1.533,113.206,146.02,147.068,86.74,0.344,62.699,2641.889,0.294,85.011,64.159,2.648,297.721,38.831,0.626,0.073,4.519,156.748
1.55,115.681,147.486,148.556,87.192,0.061,63.245,2638.695,0.294,85.208,64.119,2.678,298.438,39.648,0.626,0.013,4.619,160.529
1.575,119.439,149.716,150.81,89.107,0.497,64.056,2633.819,0.293,84.935,64.057,2.652,303.219,40.936,0.627,0.107,4.68,165.86
1.592,121.931,151.202,152.307,90.252,0.688,64.585,2630.626,0.293,84.821,64.017,2.642,306.351,41.813,0.628,0.148,4.691,169.521
1.595,122.407,151.486,152.593,90.458,0.712,64.685,2630.02,0.293,84.807,64.009,2.641,306.945,41.98,0.628,0.154,4.707,170.233
1.6,123.122,151.911,153.021,89.908,0.739,64.835,2629.115,0.292,84.792,63.998,2.641,305.574,42.23,0.628,0.16,4.73,171.307
1.607,124.199,152.544,153.658,89.068,0.764,65.06,2627.758,0.292,84.781,63.981,2.642,303.517,42.601,0.629,0.165,4.759,172.924
1.617,125.753,153.442,154.561,87.83,0.76,65.381,2625.81,0.292,84.789,63.956,2.646,300.563,43.123,0.629,0.164,4.785,175.26
1.627,127.3,154.319,155.444,86.564,0.71,65.695,2623.88,0.292,84.827,63.932,2.654,297.638,43.628,0.629,0.153,4.801,177.59
1.634,128.383,154.922,156.05,85.662,0.65,65.911,2622.537,0.292,84.87,63.915,2.661,295.603,43.972,0.63,0.14,4.821,179.219
1.644,130.014,155.803,156.938,82.149,0.526,66.23,2620.61,0.291,84.956,63.89,2.675,286.92,44.475,0.63,0.113,4.836,181.635
1.652,131.185,156.41,157.55,79.621,0.419,66.452,2619.234,0.291,85.03,63.873,2.687,280.716,44.824,0.63,0.09,4.853,183.33
1.663,132.95,157.294,158.443,77.48,0.242,66.776,2617.321,0.291,85.152,63.848,2.706,275.855,45.341,0.631,0.052,4.886,185.821
1.68,135.615,158.574,159.739,74.228,0.049,67.243,2614.452,0.291,85.289,63.812,2.728,268.564,46.115,0.631,0.01,4.972,189.446
1.705,139.653,160.391,161.588,69.35,0.43,67.902,2610.148,0.29,85.05,63.757,2.704,257.628,47.266,0.632,0.092,5.005,194.321
1.716,141.35,161.113,162.324,67.351,0.55,68.161,2608.355,0.29,84.977,63.734,2.698,253.07,47.731,0.632,0.119,5.039,196.312
1.729,143.43,161.945,163.174,61.841,0.637,68.465,2606.398,0.29,84.927,63.708,2.695,239.204,48.267,0.633,0.138,5.067,198.647
1.74,145.229,162.604,163.85,57.185,0.652,68.711,2604.715,0.289,84.922,63.687,2.697,227.276,48.686,0.633,0.141,5.072,200.559
1.743,145.723,162.776,164.026,55.922,0.647,68.776,2604.253,0.289,84.927,63.681,2.698,224.006,48.793,0.633,0.14,5.079,201.067
1.748,146.465,163.026,164.282,53.768,0.631,68.871,2603.705,0.289,84.939,63.674,2.701,218.396,48.949,0.633,0.137,5.097,201.797
1.754,147.581,163.382,164.648,50.545,0.605,69.008,2602.882,0.289,84.958,63.663,2.704,209.98,49.165,0.634,0.131,5.109,202.845
1.765,149.258,163.876,165.154,45.745,0.545,69.198,2601.649,0.289,85,63.647,2.712,197.357,49.457,0.634,0.118,5.117,204.326
1.778,151.42,164.438,165.731,39.655,0.413,69.417,2600.065,0.289,85.09,63.627,2.726,181.146,49.779,0.634,0.089,5.119,206.074
1.796,154.414,165.083,166.391,31.332,0.167,69.672,2597.879,0.289,85.257,63.599,2.751,158.776,50.144,0.634,0.036,5.119,208.177
1.8,155.077,165.205,166.516,29.495,0.111,69.721,2597.395,0.289,85.294,63.592,2.756,153.827,50.214,0.634,0.024,5.12,208.588
1.806,156.074,165.377,166.691,27.469,0.054,69.79,2596.98,0.289,85.333,63.587,2.762,148.313,50.316,0.634,0.012,5.148,209.119
1.815,157.571,165.611,166.93,24.424,0.164,69.885,2596.357,0.288,85.262,63.579,2.754,140.043,50.46,0.635,0.035,5.171,209.74
1.829,159.82,165.912,167.234,19.828,0.357,70.008,2595.423,0.288,85.137,63.567,2.739,127.637,50.651,0.635,0.077,5.191,210.513
1.847,162.818,166.214,167.536,13.637,0.534,70.136,2594.18,0.288,85.024,63.551,2.727,111.125,50.843,0.635,0.116,5.202,211.319
1.86,164.961,166.361,167.681,9.196,0.619,70.206,2593.293,0.288,84.97,63.539,2.722,99.344,50.945,0.635,0.134,5.206,211.733
1.871,166.922,166.445,167.763,5.1,0.644,70.256,2592.481,0.288,84.955,63.529,2.721,88.565,51,0.635,0.14,5.203,212.005
1.883,168.863,166.481,167.795,1.008,0.605,70.292,2591.679,0.288,84.98,63.518,2.726,77.904,51.011,0.635,0.131,5.195,212.18
1.895,170.817,166.468,167.779,-3.149,0.509,70.313,2590.871,0.288,85.042,63.508,2.735,67.171,50.982,0.635,0.11,5.19,212.258
1.9,171.689,166.447,167.756,-5.015,0.451,70.318,2590.51,0.288,85.08,63.503,2.74,62.381,50.958,0.635,0.097,5.18,212.259
1.908,172.996,166.4,167.708,-6.883,0.342,70.319,2590.302,0.288,85.151,63.5,2.75,57.687,50.909,0.635,0.074,5.175,212.191
1.92,174.957,166.302,167.609,-9.705,0.167,70.309,2589.991,0.288,85.266,63.496,2.765,50.646,50.826,0.635,0.036,5.167,212.023
1.937,177.895,166.093,167.4,-13.957,0.184,70.273,2589.524,0.288,85.253,63.49,2.764,40.085,50.685,0.635,0.039,5.172,211.455
1.964,182.293,165.639,166.952,-20.249,0.506,70.171,2588.824,0.287,85.039,63.481,2.738,24.243,50.421,0.635,0.109,5.173,210.08
1.97,183.314,165.51,166.825,-21.677,0.55,70.141,2588.661,0.287,85.009,63.479,2.734,20.558,50.344,0.635,0.119,5.171,209.716
1.973,183.728,165.44,166.755,-29.511,0.564,70.127,2588.655,0.287,85,63.479,2.733,0,50.301,0.635,0.122,5.174,209.515
1.976,184.348,165.329,166.645,-29.504,0.58,70.105,2588.655,0.287,84.989,63.479,2.732,0,50.232,0.635,0.125,5.17,209.201
1.982,185.277,165.163,166.481,-29.481,0.592,70.068,2588.655,0.287,84.979,63.479,2.731,0,50.128,0.634,0.128,5.161,208.738
1.99,186.67,164.915,166.235,-29.418,0.586,70.005,2588.655,0.287,84.982,63.479,2.731,0,49.967,0.634,0.127,5.145,208.059
2.002,188.635,164.564,165.887,-29.283,0.533,69.909,2588.655,0.287,85.013,63.479,2.735,0,49.731,0.634,0.115,5.125,207.127
2.015,190.702,164.197,165.523,-29.11,0.448,69.799,2588.655,0.287,85.066,63.479,2.742,0,49.473,0.634,0.097,5.1,206.166
2.029,193.019,163.788,165.115,-28.864,0.304,69.672,2588.655,0.287,85.157,63.479,2.753,0,49.183,0.634,0.065,5.067,205.119
2.048,196.17,163.235,164.562,-28.496,0.124,69.493,2588.655,0.287,85.273,63.479,2.768,0,48.802,0.634,0.026,5.05,203.698
2.077,200.877,162.419,163.74,-28.008,0.346,69.221,2588.655,0.287,85.12,63.479,2.748,0,48.265,0.633,0.074,5.038,201.332
2.098,204.218,161.844,163.158,-27.752,0.471,69.027,2588.655,0.287,85.035,63.479,2.738,0,47.89,0.633,0.101,5.025,199.685
2.114,206.825,161.398,162.704,-27.589,0.509,68.877,2588.655,0.287,85.007,63.479,2.734,0,47.602,0.633,0.11,5.01,198.442
2.127,208.989,161.028,162.328,-27.497,0.482,68.754,2588.655,0.287,85.021,63.479,2.736,0,47.358,0.632,0.104,4.991,197.445
2.141,211.135,160.662,161.956,-27.447,0.405,68.632,2588.655,0.287,85.069,63.479,2.742,0,47.111,0.632,0.087,4.968,196.486
2.156,213.545,160.25,161.538,-27.432,0.283,68.496,2588.655,0.287,85.147,63.479,2.752,0,46.835,0.632,0.061,4.939,195.432
2.176,216.86,159.681,160.964,-27.462,0.16,68.31,2588.655,0.287,85.224,63.479,2.762,0,46.469,0.632,0.034,4.919,193.966
2.207,221.811,158.826,160.106,-27.535,0.338,68.032,2588.655,0.287,85.101,63.479,2.746,0,45.951,0.632,0.072,4.904,191.609
2.231,225.505,158.184,159.466,-27.508,0.428,67.826,2588.655,0.287,85.038,63.479,2.738,0,45.568,0.631,0.092,4.888,189.884
2.248,228.153,157.724,159.008,-27.413,0.411,67.679,2588.655,0.287,85.046,63.479,2.739,0,45.287,0.631,0.088,4.868,188.694
2.264,230.693,157.283,158.569,-27.273,0.348,67.536,2588.655,0.287,85.084,63.479,2.744,0,45.01,0.631,0.075,4.843,187.581
2.282,233.502,156.797,158.084,-27.066,0.239,67.377,2588.655,0.287,85.153,63.479,2.753,0,44.703,0.631,0.051,4.813,186.376
2.308,237.567,156.098,157.384,-26.718,0.163,67.145,2588.655,0.287,85.199,63.479,2.758,0,44.271,0.63,0.035,4.789,184.604
2.345,243.449,155.097,156.375,-26.255,0.353,66.809,2588.655,0.287,85.067,63.479,2.742,0,43.674,0.63,0.076,4.77,181.924
2.367,246.79,154.532,155.804,-26.096,0.349,66.617,2588.655,0.287,85.066,63.479,2.742,0,43.319,0.63,0.075,4.745,180.467
2.387,249.871,154.012,155.278,-26.012,0.256,66.437,2588.655,0.287,85.123,63.479,2.749,0,42.984,0.629,0.055,4.713,179.173
2.413,253.827,153.343,154.603,-25.932,0.13,66.204,2588.655,0.287,85.202,63.479,2.759,0,42.569,0.629,0.028,4.682,177.528
2.451,259.728,152.344,153.598,-25.834,0.213,65.865,2588.655,0.287,85.141,63.479,2.751,0,41.986,0.629,0.045,4.656,174.971
2.485,264.837,151.477,152.728,-25.748,0.275,65.572,2588.655,0.287,85.095,63.479,2.745,0,41.479,0.628,0.059,4.627,172.781
2.514,269.297,150.719,151.97,-25.597,0.221,65.315,2588.655,0.287,85.126,63.479,2.749,0,41.035,0.628,0.047,4.594,170.934
2.545,273.933,149.933,151.183,-25.364,0.123,65.048,2588.655,0.287,85.186,63.479,2.757,0,40.577,0.628,0.026,4.555,169.049
2.591,280.842,148.767,150.014,-25.039,0.211,64.633,2588.655,0.287,85.12,63.479,2.748,0,39.882,0.627,0.045,4.528,166.161
2.626,285.899,147.919,149.161,-24.725,0.223,64.336,2588.655,0.287,85.107,63.479,2.747,0,39.397,0.627,0.047,4.498,164.099
2.66,291.035,147.063,148.297,-24.469,0.216,64.039,2588.655,0.287,85.106,63.479,2.747,0,38.91,0.626,0.046,4.465,162.035
2.695,296.046,146.228,147.456,-24.355,0.158,63.742,2588.655,0.287,85.14,63.479,2.751,0,38.425,0.626,0.033,4.427,160.059
2.741,302.832,145.096,146.318,-24.244,0.201,63.339,2588.655,0.287,85.104,63.479,2.746,0,37.79,0.626,0.043,4.389,157.36
2.787,309.431,143.992,145.213,-24.104,0.201,62.945,2588.655,0.287,85.097,63.479,2.746,0,37.17,0.625,0.043,4.358,154.781
2.824,314.834,143.089,144.309,-23.92,0.205,62.619,2588.655,0.287,85.089,63.479,2.744,0,36.658,0.625,0.044,4.321,152.688
2.866,320.797,142.094,143.314,-23.579,0.171,62.252,2588.655,0.287,85.106,63.479,2.747,0,36.105,0.624,0.036,4.285,150.421
2.916,327.873,140.927,142.138,-23.147,0.271,61.834,2588.655,0.287,85.033,63.479,2.737,0,35.484,0.624,0.058,4.261,147.713
2.947,332.239,140.211,141.414,-23.003,0.239,61.574,2588.655,0.287,85.049,63.479,2.739,0,35.092,0.624,0.051,4.221,146.096
2.992,338.422,139.195,140.39,-22.896,0.16,61.205,2588.655,0.287,85.096,63.479,2.745,0,34.551,0.623,0.034,4.184,143.842
3.042,345.353,138.053,139.243,-22.805,0.177,60.796,2588.655,0.287,85.078,63.479,2.743,0,33.966,0.623,0.037,4.154,141.302
3.087,351.608,137.017,138.208,-22.725,0.277,60.42,2588.655,0.287,85.006,63.479,2.734,0,33.423,0.622,0.059,4.123,138.998
3.125,356.794,136.158,137.351,-22.516,0.24,60.103,2588.655,0.287,85.025,63.479,2.736,0,32.972,0.622,0.051,4.092,137.15
3.16,361.548,135.374,136.567,-22.254,0.16,59.812,2588.655,0.287,85.074,63.479,2.743,0,32.557,0.622,0.034,4.049,135.49
3.21,368.289,134.269,135.458,-21.943,0.113,59.375,2588.655,0.287,85.099,63.479,2.746,0,31.951,0.621,0.024,4.01,133.133
3.26,374.975,133.179,134.362,-21.676,0.124,58.935,2588.655,0.287,85.085,63.479,2.744,0,31.358,0.621,0.026,3.983,130.805
3.31,381.607,132.103,133.277,-21.376,0.306,58.525,2588.655,0.287,84.958,63.479,2.728,0,30.831,0.621,0.065,3.966,128.475
3.339,385.429,131.485,132.652,-21.241,0.34,58.298,2588.655,0.287,84.933,63.479,2.725,0,30.542,0.62,0.072,3.941,127.171
3.365,388.884,130.926,132.088,-21.204,0.218,58.095,2588.655,0.287,85.01,63.479,2.734,0,30.265,0.62,0.046,3.907,126.05
3.405,394.039,130.088,131.246,-21.245,0.12,57.781,2588.655,0.287,85.071,63.479,2.742,0,29.85,0.62,0.025,3.886,124.357
3.455,400.517,129.024,130.187,-21.258,0.446,57.372,2588.655,0.287,84.85,63.479,2.714,0,29.338,0.619,0.095,3.872,122.097
3.476,403.211,128.581,129.747,-21.147,0.405,57.205,2588.655,0.287,84.874,63.479,2.717,0,29.126,0.619,0.086,3.849,121.223
3.499,406.183,128.093,129.261,-20.97,0.279,57.022,2588.655,0.287,84.955,63.479,2.727,0,28.888,0.619,0.059,3.813,120.291
3.533,410.553,127.38,128.549,-20.689,0.051,56.75,2588.655,0.287,85.102,63.479,2.746,0,28.539,0.619,0.011,3.792,118.942
3.583,416.897,126.356,127.518,-20.3,0.326,56.355,2588.655,0.287,84.915,63.479,2.722,0,28.063,0.618,0.069,3.779,116.815
3.613,420.666,125.752,126.906,-20.138,0.431,56.123,2588.655,0.287,84.842,63.479,2.713,0,27.79,0.618,0.092,3.764,115.583
3.636,423.534,125.292,126.441,-20.061,0.425,55.949,2588.655,0.287,84.844,63.479,2.713,0,27.58,0.618,0.09,3.742,114.678
3.659,426.472,124.822,125.965,-20.039,0.311,55.771,2588.655,0.287,84.916,63.479,2.723,0,27.356,0.618,0.066,3.706,113.788
3.692,430.549,124.165,125.303,-20.083,0.04,55.52,2588.655,0.287,85.093,63.479,2.745,0,27.042,0.618,0.008,3.686,112.592
3.741,436.625,123.177,124.316,-20.104,0.302,55.145,2588.655,0.287,84.914,63.479,2.722,0,26.611,0.617,0.064,3.671,110.623
3.775,440.787,122.496,123.639,-20.053,0.407,54.889,2588.655,0.287,84.841,63.479,2.713,0,26.311,0.617,0.086,3.653,109.306
3.801,443.937,121.981,123.127,-19.947,0.385,54.692,2588.655,0.287,84.854,63.479,2.715,0,26.078,0.617,0.081,3.629,108.345
3.829,447.315,121.429,122.578,-19.773,0.262,54.478,2588.655,0.287,84.932,63.479,2.725,0,25.824,0.617,0.055,3.594,107.348
3.87,452.354,120.613,121.761,-19.424,0.108,54.161,2588.655,0.287,85.03,63.479,2.737,0,25.464,0.616,0.023,3.58,105.868
3.92,458.361,119.651,120.79,-19.079,0.464,53.798,2588.655,0.287,84.79,63.479,2.707,0,25.07,0.616,0.098,3.568,103.974
3.944,461.241,119.192,120.324,-18.999,0.471,53.622,2588.655,0.287,84.783,63.479,2.706,0,24.871,0.616,0.1,3.547,103.118
3.969,464.12,118.733,119.859,-18.977,0.362,53.444,2588.655,0.287,84.852,63.479,2.714,0,24.663,0.616,0.077,3.515,102.298
4.001,467.919,118.124,119.245,-19.007,0.111,53.206,2588.655,0.287,85.016,63.479,2.735,0,24.388,0.616,0.023,3.492,101.251
4.049,473.582,117.207,118.328,-19.08,0.294,52.847,2588.655,0.287,84.89,63.479,2.719,0,24,0.615,0.062,3.478,99.547
4.089,478.227,116.448,117.574,-19.077,0.498,52.548,2588.655,0.287,84.752,63.479,2.702,0,23.683,0.615,0.106,3.463,98.144
4.113,481.063,115.984,117.113,-18.99,0.482,52.364,2588.655,0.287,84.76,63.479,2.703,0,23.483,0.615,0.102,3.441,97.329
4.139,484.032,115.498,116.631,-18.833,0.354,52.171,2588.655,0.287,84.842,63.479,2.713,0,23.271,0.615,0.075,3.404,96.511
4.175,488.164,114.828,115.961,-18.542,0.027,51.906,2588.655,0.287,85.057,63.479,2.74,0,22.986,0.615,0.006,3.387,95.419
4.225,493.883,113.91,115.037,-18.216,0.339,51.543,2588.655,0.287,84.844,63.479,2.713,0,22.607,0.614,0.072,3.366,93.728
4.263,498.224,113.216,114.336,-18.097,0.363,51.256,2588.655,0.287,84.826,63.479,2.711,0,22.306,0.614,0.077,3.336,92.51
4.299,502.293,112.564,113.679,-18.069,0.204,50.98,2588.655,0.287,84.927,63.479,2.724,0,22.013,0.614,0.043,3.301,91.42
4.349,507.899,111.663,112.773,-17.99,0.066,50.614,2588.655,0.287,85.015,63.479,2.735,0,21.651,0.614,0.014,3.276,89.913
4.399,513.46,110.764,111.874,-17.962,0.174,50.252,2588.655,0.287,84.939,63.479,2.725,0,21.288,0.613,0.037,3.249,88.37
4.449,518.976,109.869,110.98,-17.824,0.178,49.902,2588.655,0.287,84.932,63.479,2.725,0,20.948,0.613,0.037,3.22,86.879
4.499,524.447,108.981,110.093,-17.682,0.147,49.55,2588.655,0.287,84.949,63.479,2.727,0,20.597,0.613,0.031,3.19,85.42
4.549,529.874,108.101,109.213,-17.544,0.137,49.186,2588.655,0.287,84.952,63.479,2.727,0,20.235,0.612,0.029,3.166,83.98
4.599,535.257,107.23,108.341,-17.265,0.213,48.839,2588.655,0.287,84.898,63.479,2.72,0,19.921,0.612,0.045,3.131,82.55
4.649,540.597,106.369,107.476,-17.217,0.093,48.474,2588.655,0.287,84.973,63.479,2.73,0,19.55,0.612,0.019,3.103,81.183
4.699,545.894,105.511,106.617,-17.069,0.071,48.112,2588.655,0.287,84.984,63.479,2.731,0,19.223,0.612,0.015,3.076,79.821
4.749,551.148,104.661,105.765,-16.946,0.07,47.76,2588.655,0.287,84.981,63.479,2.731,0,18.901,0.611,0.015,3.054,78.478
4.799,556.36,103.818,104.918,-16.8,0.153,47.421,2588.655,0.287,84.922,63.479,2.723,0,18.599,0.611,0.032,3.024,77.141
4.849,561.53,102.98,104.078,-16.724,0.089,47.082,2588.655,0.287,84.962,63.479,2.728,0,18.288,0.611,0.019,3.001,75.855
4.899,566.658,102.144,103.243,-16.698,0.192,46.732,2588.655,0.287,84.889,63.479,2.719,0,17.97,0.611,0.04,2.979,74.554
4.949,571.745,101.31,102.413,-16.642,0.337,46.373,2588.655,0.287,84.789,63.479,2.706,0,17.652,0.61,0.071,2.946,73.265
4.997,576.586,100.517,101.623,-16.425,0.116,46.04,2588.655,0.287,84.933,63.479,2.725,0,17.369,0.61,0.024,2.927,72.122
5.047,581.591,99.702,100.806,-16.179,0.265,45.71,2588.655,0.287,84.83,63.479,2.712,0,17.094,0.61,0.056,2.916,70.878
5.097,586.556,98.899,99.996,-15.962,0.555,45.397,2588.655,0.287,84.637,63.479,2.687,0,16.849,0.61,0.117,2.896,69.632
5.128,589.62,98.404,99.495,-15.938,0.44,45.202,2588.655,0.287,84.71,63.479,2.696,0,16.669,0.61,0.093,2.867,68.922
5.167,593.42,97.786,98.873,-15.955,0.188,44.949,2588.655,0.287,84.874,63.479,2.717,0,16.446,0.609,0.039,2.843,68.065
5.217,598.289,96.987,98.074,-16.006,0.222,44.625,2588.655,0.287,84.849,63.479,2.714,0,16.175,0.609,0.046,2.83,66.908
5.267,603.118,96.185,97.278,-16.053,0.558,44.292,2588.655,0.287,84.624,63.479,2.685,0,15.909,0.609,0.118,2.818,65.711
5.299,606.226,95.666,96.764,-16.021,0.639,44.073,2588.655,0.287,84.569,63.479,2.679,0,15.731,0.609,0.135,2.798,64.969
5.327,608.907,95.217,96.32,-15.887,0.467,43.886,2588.655,0.287,84.679,63.479,2.692,0,15.581,0.609,0.099,2.769,64.375
5.365,612.544,94.613,95.719,-15.697,0.206,43.64,2588.655,0.287,84.849,63.479,2.714,0,15.372,0.609,0.043,2.738,63.58
5.415,617.255,93.833,94.94,-15.499,0.092,43.302,2588.655,0.287,84.922,63.479,2.723,0,15.094,0.608,0.019,2.723,62.518
5.465,621.927,93.063,94.168,-15.303,0.336,42.961,2588.655,0.287,84.757,63.479,2.702,0,14.835,0.608,0.071,2.705,61.417
5.515,626.561,92.302,93.401,-15.149,0.505,42.633,2588.655,0.287,84.643,63.479,2.688,0,14.59,0.608,0.106,2.683,60.347
5.553,630.028,91.732,92.827,-15.113,0.394,42.384,2588.655,0.287,84.714,63.479,2.697,0,14.392,0.608,0.083,2.663,59.591
5.601,634.45,91.003,92.093,-15.019,0.412,42.082,2588.655,0.287,84.699,63.479,2.695,0,14.181,0.608,0.087,2.638,58.609
5.649,638.775,90.287,91.373,-14.99,0.274,41.802,2588.655,0.287,84.788,63.479,2.706,0,13.971,0.607,0.057,2.613,57.68
5.699,643.271,89.536,90.622,-15.055,0.235,41.504,2588.655,0.287,84.811,63.479,2.709,0,13.74,0.607,0.049,2.6,56.701
5.749,647.729,88.783,89.873,-15.064,0.443,41.206,2588.655,0.287,84.671,63.479,2.691,0,13.528,0.607,0.093,2.588,55.697
5.795,651.767,88.094,89.192,-15.114,0.76,40.917,2588.655,0.287,84.463,63.479,2.665,0,13.314,0.607,0.161,2.575,54.771
5.822,654.176,87.68,88.784,-15.05,0.725,40.738,2588.655,0.287,84.483,63.479,2.668,0,13.185,0.607,0.154,2.556,54.255
5.852,656.751,87.239,88.348,-14.928,0.558,40.55,2588.655,0.287,84.59,63.479,2.681,0,13.044,0.607,0.118,2.526,53.726
5.892,660.225,86.646,87.76,-14.725,0.233,40.299,2588.655,0.287,84.802,63.479,2.708,0,12.856,0.607,0.049,2.507,53.031
5.942,664.539,85.917,87.031,-14.468,0.338,39.989,2588.655,0.287,84.73,63.479,2.699,0,12.641,0.606,0.071,2.504,52.102
5.992,668.816,85.199,86.307,-14.23,0.838,39.693,2588.655,0.287,84.402,63.479,2.657,0,12.468,0.606,0.178,2.493,51.136
6.019,671.099,84.818,85.921,-14.186,0.843,39.537,2588.655,0.287,84.398,63.479,2.657,0,12.351,0.606,0.179,2.475,50.66
6.046,673.407,84.431,85.529,-14.191,0.675,39.369,2588.655,0.287,84.505,63.479,2.67,0,12.218,0.606,0.143,2.452,50.203
6.081,676.347,83.936,85.029,-14.199,0.461,39.152,2588.655,0.287,84.642,63.479,2.688,0,12.064,0.606,0.097,2.419,49.624
6.131,680.526,83.225,84.316,-14.245,0.119,38.85,2588.655,0.287,84.866,63.479,2.716,0,11.855,0.606,0.025,2.409,48.808
6.181,684.67,82.51,83.605,-14.342,0.483,38.548,2588.655,0.287,84.623,63.479,2.685,0,11.653,0.606,0.102,2.4,47.909
6.229,688.673,81.809,82.913,-14.415,0.883,38.239,2588.655,0.287,84.361,63.479,2.652,0,11.459,0.605,0.188,2.389,47.038
6.258,691.01,81.397,82.508,-14.393,0.947,38.054,2588.655,0.287,84.319,63.479,2.647,0,11.341,0.605,0.202,2.373,46.553
6.286,693.253,81,82.118,-14.301,0.82,37.88,2588.655,0.287,84.399,63.479,2.657,0,11.224,0.605,0.174,2.352,46.113
6.319,695.907,80.532,81.657,-14.184,0.65,37.674,2588.655,0.287,84.507,63.479,2.671,0,11.077,0.605,0.137,2.319,45.598
6.363,699.448,79.91,81.041,-13.974,0.244,37.388,2588.655,0.287,84.771,63.479,2.704,0,10.884,0.605,0.051,2.31,44.938
6.413,703.426,79.22,80.351,-13.674,0.591,37.094,2588.655,0.287,84.541,63.479,2.675,0,10.719,0.605,0.125,2.298,44.106
6.459,707.068,78.592,79.717,-13.552,0.831,36.818,2588.655,0.287,84.383,63.479,2.655,0,10.544,0.605,0.177,2.279,43.36
6.493,709.745,78.129,79.25,-13.537,0.714,36.601,2588.655,0.287,84.457,63.479,2.664,0,10.392,0.604,0.151,2.26,42.848
6.533,712.847,77.591,78.708,-13.491,0.667,36.348,2588.655,0.287,84.486,63.479,2.668,0,10.243,0.604,0.141,2.241,42.248
6.578,716.323,76.985,78.098,-13.443,0.599,36.081,2588.655,0.287,84.528,63.479,2.673,0,10.089,0.604,0.126,2.215,41.582
6.628,720.155,76.313,77.424,-13.433,0.382,35.805,2588.655,0.287,84.669,63.479,2.691,0,9.919,0.604,0.08,2.192,40.868
6.678,723.954,75.641,76.752,-13.452,0.22,35.534,2588.655,0.287,84.774,63.479,2.704,0,9.757,0.604,0.046,2.181,40.156
6.728,727.719,74.968,76.082,-13.523,0.489,35.267,2588.655,0.287,84.594,63.479,2.682,0,9.594,0.604,0.103,2.172,39.406
6.778,731.451,74.289,75.413,-13.6,0.901,34.977,2588.655,0.287,84.325,63.479,2.647,0,9.431,0.604,0.192,2.159,38.65
6.817,734.341,73.758,74.892,-13.584,0.996,34.746,2588.655,0.287,84.263,63.479,2.64,0,9.3,0.604,0.212,2.14,38.091
6.856,737.238,73.224,74.368,-13.491,0.866,34.516,2588.655,0.287,84.344,63.479,2.65,0,9.161,0.603,0.184,2.112,37.556
6.903,740.633,72.6,73.753,-13.336,0.577,34.242,2588.655,0.287,84.529,63.479,2.673,0,8.991,0.603,0.122,2.084,36.947
6.953,744.247,71.939,73.098,-13.075,0.245,33.962,2588.655,0.287,84.746,63.479,2.701,0,8.837,0.603,0.051,2.088,36.307
7.003,747.827,71.292,72.448,-12.837,0.953,33.705,2588.655,0.287,84.283,63.479,2.642,0,8.724,0.603,0.203,2.075,35.577
7.048,751.011,70.718,71.869,-12.761,1.071,33.469,2588.655,0.287,84.207,63.479,2.632,0,8.585,0.603,0.229,2.055,34.981
7.09,753.976,70.182,71.327,-12.738,0.949,33.236,2588.655,0.287,84.282,63.479,2.642,0,8.446,0.603,0.202,2.025,34.451
7.136,757.213,69.591,70.733,-12.77,0.556,32.974,2588.655,0.287,84.535,63.479,2.674,0,8.284,0.603,0.117,1.994,33.899
7.186,760.677,68.952,70.093,-12.814,0.123,32.691,2588.655,0.287,84.819,63.479,2.71,0,8.128,0.603,0.025,1.984,33.311
7.236,764.108,68.309,69.456,-12.895,0.467,32.412,2588.655,0.287,84.589,63.479,2.681,0,7.979,0.602,0.098,1.976,32.659
7.286,767.508,67.663,68.819,-12.951,0.88,32.126,2588.655,0.287,84.319,63.479,2.647,0,7.839,0.602,0.187,1.96,32.01
7.336,770.875,67.016,68.184,-12.916,0.962,31.844,2588.655,0.287,84.265,63.479,2.64,0,7.697,0.602,0.205,1.937,31.399
7.385,774.121,66.389,67.569,-12.818,0.813,31.573,2588.655,0.287,84.359,63.479,2.652,0,7.551,0.602,0.172,1.907,30.832
7.435,777.425,65.752,66.942,-12.632,0.309,31.301,2588.655,0.287,84.686,63.479,2.693,0,7.407,0.602,0.065,1.888,30.289
7.485,780.696,65.126,66.319,-12.454,0.265,31.043,2588.655,0.287,84.714,63.479,2.697,0,7.277,0.602,0.055,1.879,29.718
7.535,783.937,64.506,65.7,-12.335,0.613,30.782,2588.655,0.287,84.484,63.479,2.668,0,7.148,0.602,0.129,1.861,29.123
7.585,787.147,63.891,65.084,-12.287,0.658,30.508,2588.655,0.287,84.453,63.479,2.664,0,7.003,0.602,0.139,1.836,28.562
7.635,790.326,63.277,64.471,-12.293,0.473,30.218,2588.655,0.287,84.571,63.479,2.679,0,6.848,0.602,0.099,1.811,28.026
7.685,793.475,62.661,63.86,-12.318,0.317,29.917,2588.655,0.287,84.672,63.479,2.692,0,6.695,0.601,0.066,1.793,27.495
7.735,796.592,62.045,63.251,-12.33,0.418,29.612,2588.655,0.287,84.604,63.479,2.683,0,6.551,0.601,0.088,1.771,26.953
7.785,799.679,61.43,62.644,-12.246,0.214,29.321,2588.655,0.287,84.737,63.479,2.7,0,6.427,0.601,0.045,1.757,26.441
7.835,802.736,60.821,62.041,-12.116,0.26,29.063,2588.655,0.287,84.706,63.479,2.696,0,6.321,0.601,0.054,1.745,25.919
7.885,805.762,60.217,61.441,-12.042,0.459,28.817,2588.655,0.287,84.573,63.479,2.679,0,6.205,0.601,0.096,1.729,25.395
7.935,808.757,59.616,60.843,-11.998,0.499,28.561,2588.655,0.287,84.545,63.479,2.675,0,6.086,0.601,0.105,1.716,24.889
7.973,810.997,59.164,60.393,-11.972,0.469,28.367,2588.655,0.287,84.563,63.479,2.678,0,5.996,0.601,0.098,1.698,24.516
8.023,813.941,58.567,59.8,-11.929,0.426,28.11,2588.655,0.287,84.59,63.479,2.681,0,5.884,0.601,0.089,1.678,24.029
8.073,816.854,57.971,59.208,-11.909,0.255,27.865,2588.655,0.287,84.702,63.479,2.695,0,5.77,0.601,0.053,1.656,23.557
8.123,819.738,57.375,58.619,-11.9,0.041,27.606,2588.655,0.287,84.844,63.479,2.713,0,5.657,0.6,0.008,1.642,23.094
8.173,822.592,56.782,58.031,-11.863,0.088,27.365,2588.655,0.287,84.811,63.479,2.709,0,5.556,0.6,0.018,1.631,22.621
8.223,825.416,56.189,57.446,-11.878,0.358,27.12,2588.655,0.287,84.63,63.479,2.686,0,5.443,0.6,0.075,1.619,22.141
8.273,828.211,55.594,56.861,-11.89,0.629,26.855,2588.655,0.287,84.451,63.479,2.663,0,5.331,0.6,0.132,1.602,21.667
8.323,830.975,55,56.279,-11.843,0.604,26.595,2588.655,0.287,84.466,63.479,2.665,0,5.225,0.6,0.127,1.581,21.219
8.373,833.711,54.41,55.7,-11.745,0.323,26.347,2588.655,0.287,84.649,63.479,2.689,0,5.127,0.6,0.067,1.561,20.792
8.423,836.417,53.826,55.123,-11.664,0.118,26.115,2588.655,0.287,84.785,63.479,2.706,0,5.026,0.6,0.024,1.543,20.367
8.473,839.093,53.243,54.549,-11.608,0.046,25.865,2588.655,0.287,84.832,63.479,2.712,0,4.921,0.6,0.009,1.534,19.941
8.523,841.741,52.665,53.977,-11.521,0.34,25.623,2588.655,0.287,84.634,63.479,2.687,0,4.83,0.6,0.071,1.524,19.502
8.573,844.36,52.091,53.408,-11.448,0.567,25.388,2588.655,0.287,84.484,63.479,2.668,0,4.741,0.6,0.119,1.509,19.074
8.623,846.95,51.52,52.841,-11.411,0.593,25.153,2588.655,0.287,84.466,63.479,2.665,0,4.645,0.6,0.124,1.491,18.663
8.673,849.512,50.95,52.277,-11.395,0.494,24.91,2588.655,0.287,84.529,63.479,2.673,0,4.546,0.6,0.104,1.472,18.264
8.723,852.045,50.38,51.713,-11.385,0.357,24.668,2588.655,0.287,84.618,63.479,2.685,0,4.45,0.599,0.074,1.453,17.872
8.773,854.55,49.811,51.152,-11.391,0.183,24.423,2588.655,0.287,84.733,63.479,2.699,0,4.353,0.599,0.038,1.439,17.488
8.823,857.026,49.241,50.592,-11.421,0.377,24.172,2588.655,0.287,84.603,63.479,2.683,0,4.253,0.599,0.079,1.428,17.092
8.873,859.474,48.669,50.033,-11.43,0.617,23.909,2588.655,0.287,84.444,63.479,2.663,0,4.159,0.599,0.13,1.412,16.699
8.923,861.893,48.099,49.476,-11.396,0.623,23.659,2588.655,0.287,84.439,63.479,2.662,0,4.071,0.599,0.131,1.399,16.323
8.973,864.284,47.529,48.92,-11.391,0.814,23.407,2588.655,0.287,84.314,63.479,2.646,0,3.975,0.599,0.172,1.382,15.944
9.023,866.646,46.96,48.367,-11.36,0.863,23.138,2588.655,0.287,84.282,63.479,2.642,0,3.879,0.599,0.182,1.361,15.578
9.073,868.98,46.394,47.816,-11.269,0.551,22.883,2588.655,0.287,84.482,63.479,2.667,0,3.79,0.599,0.116,1.339,15.233
9.123,871.286,45.833,47.268,-11.168,0.197,22.637,2588.655,0.287,84.715,63.479,2.697,0,3.705,0.599,0.041,1.324,14.895
9.173,873.563,45.277,46.723,-11.092,0.245,22.399,2588.655,0.287,84.682,63.479,2.693,0,3.62,0.599,0.051,1.316,14.547
9.223,875.813,44.724,46.18,-11.01,0.569,22.149,2588.655,0.287,84.468,63.479,2.666,0,3.542,0.599,0.119,1.309,14.193
9.273,878.036,44.176,45.639,-10.925,0.968,21.924,2588.655,0.287,84.209,63.479,2.633,0,3.475,0.599,0.205,1.296,13.843
9.323,880.231,43.631,45.1,-10.88,1.096,21.687,2588.655,0.287,84.127,63.479,2.622,0,3.398,0.599,0.233,1.286,13.509
9.373,882.399,43.088,44.563,-10.828,1.29,21.462,2588.655,0.287,84.004,63.479,2.607,0,3.332,0.598,0.276,1.272,13.179
9.423,884.54,42.548,44.028,-10.803,1.272,21.241,2588.655,0.287,84.014,63.479,2.608,0,3.26,0.598,0.272,1.254,12.861
9.473,886.654,42.008,43.495,-10.804,1.063,21.02,2588.655,0.287,84.145,63.479,2.625,0,3.183,0.598,0.226,1.239,12.554
9.523,888.741,41.467,42.963,-10.792,0.958,20.8,2588.655,0.287,84.211,63.479,2.633,0,3.118,0.598,0.203,1.224,12.249
9.573,890.801,40.928,42.433,-10.787,0.809,20.602,2588.655,0.287,84.306,63.479,2.645,0,3.056,0.598,0.171,1.201,11.95
9.623,892.833,40.388,41.903,-10.841,0.299,20.392,2588.655,0.287,84.638,63.479,2.687,0,2.976,0.598,0.062,1.188,11.666
9.673,894.839,39.844,41.375,-10.88,0.382,20.171,2588.655,0.287,84.583,63.479,2.68,0,2.91,0.598,0.08,1.181,11.368
9.723,896.818,39.3,40.847,-10.932,0.855,19.959,2588.655,0.287,84.274,63.479,2.641,0,2.844,0.598,0.181,1.177,11.062
9.773,898.769,38.75,40.319,-11.034,1.673,19.718,2588.655,0.287,83.76,63.479,2.576,0,2.774,0.598,0.362,1.166,10.751
9.823,900.693,38.197,39.791,-11.055,1.968,19.463,2588.655,0.287,83.58,63.479,2.553,0,2.71,0.598,0.429,1.15,10.46
9.873,902.589,37.646,39.265,-10.994,1.764,19.232,2588.655,0.287,83.703,63.479,2.568,0,2.646,0.598,0.382,1.132,10.188
9.923,904.457,37.098,38.741,-10.927,1.517,19.01,2588.655,0.287,83.853,63.479,2.588,0,2.578,0.598,0.326,1.114,9.922
9.973,906.299,36.554,38.22,-10.871,1.356,18.788,2588.655,0.287,83.953,63.479,2.6,0,2.505,0.598,0.29,1.094,9.659
10.023,908.113,36.011,37.702,-10.798,1.063,18.552,2588.655,0.287,84.136,63.479,2.623,0,2.432,0.598,0.226,1.072,9.403
10.073,909.9,35.474,37.187,-10.682,0.397,18.327,2588.655,0.287,84.566,63.479,2.678,0,2.369,0.598,0.083,1.053,9.163
10.123,911.66,34.943,36.675,-10.605,0.141,18.109,2588.655,0.287,84.735,63.479,2.7,0,2.303,0.598,0.029,1.043,8.916
10.173,913.394,34.414,36.165,-10.533,0.494,17.874,2588.655,0.287,84.5,63.479,2.67,0,2.242,0.597,0.103,1.045,8.659
10.223,915.102,33.89,35.658,-10.418,1.328,17.659,2588.655,0.287,83.966,63.479,2.602,0,2.206,0.597,0.284,1.043,8.397
10.273,916.783,33.371,35.153,-10.327,1.985,17.462,2588.655,0.287,83.563,63.479,2.551,0,2.172,0.597,0.432,1.037,8.144
10.323,918.439,32.857,34.649,-10.266,2.396,17.268,2588.655,0.287,83.318,63.479,2.52,0,2.132,0.597,0.528,1.027,7.902
10.373,920.069,32.344,34.148,-10.229,2.581,17.076,2588.655,0.287,83.21,63.479,2.506,0,2.086,0.597,0.571,1.014,7.67
10.423,921.673,31.833,33.648,-10.213,2.551,16.88,2588.655,0.287,83.226,63.479,2.508,0,2.033,0.597,0.564,1,7.446
10.473,923.252,31.323,33.149,-10.207,2.427,16.686,2588.655,0.287,83.298,63.479,2.517,0,1.982,0.597,0.535,0.98,7.227
10.523,924.806,30.812,32.653,-10.237,1.966,16.494,2588.655,0.287,83.571,63.479,2.552,0,1.919,0.597,0.428,0.955,7.019
10.573,926.334,30.299,32.157,-10.297,1.216,16.286,2588.655,0.287,84.032,63.479,2.61,0,1.848,0.597,0.259,0.929,6.82
10.623,927.836,29.782,31.662,-10.365,0.405,16.069,2588.655,0.287,84.553,63.479,2.676,0,1.783,0.597,0.084,0.915,6.625
10.673,929.312,29.262,31.168,-10.417,0.38,15.843,2588.655,0.287,84.569,63.479,2.678,0,1.731,0.597,0.079,0.908,6.419
10.723,930.762,28.741,30.675,-10.444,0.766,15.633,2588.655,0.287,84.316,63.479,2.646,0,1.691,0.597,0.161,0.901,6.21
10.773,932.186,28.218,30.183,-10.453,1.004,15.431,2588.655,0.287,84.163,63.479,2.627,0,1.654,0.597,0.213,0.893,6.007
10.823,933.584,27.696,29.693,-10.466,1.267,15.248,2588.655,0.287,83.997,63.479,2.606,0,1.616,0.597,0.27,0.883,5.808
10.873,934.955,27.172,29.203,-10.456,1.336,15.055,2588.655,0.287,83.953,63.479,2.6,0,1.579,0.597,0.286,0.873,5.616
10.923,936.301,26.651,28.716,-10.413,1.124,14.894,2588.655,0.287,84.086,63.479,2.617,0,1.549,0.597,0.239,0.862,5.433
10.973,937.62,26.13,28.231,-10.411,1.245,14.726,2588.655,0.287,84.009,63.479,2.607,0,1.507,0.597,0.266,0.85,5.248
11.023,938.914,25.61,27.748,-10.399,1.286,14.551,2588.655,0.287,83.983,63.479,2.604,0,1.466,0.597,0.275,0.838,5.068
11.073,940.181,25.09,27.267,-10.385,1.308,14.369,2588.655,0.287,83.969,63.479,2.602,0,1.423,0.597,0.279,0.825,4.893
11.123,941.423,24.571,26.788,-10.373,1.356,14.179,2588.655,0.287,83.938,63.479,2.598,0,1.378,0.597,0.29,0.811,4.721
11.173,942.639,24.053,26.311,-10.354,1.34,13.979,2588.655,0.287,83.947,63.479,2.599,0,1.333,0.597,0.287,0.796,4.554
11.223,943.828,23.536,25.837,-10.314,1.121,13.78,2588.655,0.287,84.084,63.479,2.617,0,1.291,0.597,0.238,0.781,4.393
11.273,944.992,23.022,25.366,-10.275,0.904,13.583,2588.655,0.287,84.222,63.479,2.634,0,1.248,0.597,0.191,0.766,4.236
11.323,946.13,22.509,24.898,-10.233,0.634,13.382,2588.655,0.287,84.395,63.479,2.656,0,1.207,0.597,0.133,0.75,4.083
11.373,947.243,21.998,24.432,-10.177,0.191,13.188,2588.655,0.287,84.687,63.479,2.693,0,1.172,0.597,0.04,0.74,3.936
11.423,948.33,21.491,23.97,-10.123,0.302,13.001,2588.655,0.287,84.613,63.479,2.684,0,1.139,0.597,0.063,0.735,3.787
11.473,949.392,20.986,23.511,-10.067,0.807,12.818,2588.655,0.287,84.282,63.479,2.642,0,1.109,0.596,0.17,0.732,3.638
11.523,950.429,20.484,23.056,-10.007,1.375,12.645,2588.655,0.287,83.922,63.479,2.596,0,1.086,0.596,0.294,0.725,3.492
11.573,951.441,19.985,22.603,-9.964,1.752,12.477,2588.655,0.287,83.689,63.479,2.567,0,1.057,0.596,0.379,0.716,3.353
11.623,952.428,19.488,22.154,-9.935,1.991,12.305,2588.655,0.287,83.545,63.479,2.548,0,1.026,0.596,0.434,0.708,3.218
11.673,953.39,18.992,21.707,-9.904,2.259,12.132,2588.655,0.287,83.384,63.479,2.528,0,0.999,0.596,0.496,0.701,3.087
11.723,954.327,18.497,21.263,-9.868,2.572,11.965,2588.655,0.287,83.2,63.479,2.505,0,0.976,0.596,0.569,0.691,2.959
11.773,955.239,18.005,20.823,-9.854,2.64,11.803,2588.655,0.287,83.161,63.479,2.5,0,0.946,0.596,0.585,0.672,2.837
11.823,956.127,17.512,20.386,-9.878,2.254,11.627,2588.655,0.287,83.386,63.479,2.528,0,0.9,0.596,0.494,0.657,2.722
11.873,956.991,17.017,19.952,-9.887,2.034,11.433,2588.655,0.287,83.517,63.479,2.545,0,0.863,0.596,0.443,0.647,2.608
11.923,957.829,16.523,19.522,-9.877,2.039,11.252,2588.655,0.287,83.514,63.479,2.544,0,0.837,0.596,0.444,0.627,2.497
11.973,958.643,16.029,19.095,-9.905,1.557,11.068,2588.655,0.287,83.806,63.479,2.582,0,0.795,0.596,0.335,0.613,2.391
12.023,959.432,15.533,18.672,-9.912,1.326,10.867,2588.655,0.287,83.949,63.479,2.6,0,0.764,0.596,0.283,0.611,2.288
12.073,960.196,15.038,18.254,-9.879,1.677,10.692,2588.655,0.287,83.731,63.479,2.572,0,0.753,0.596,0.362,0.6,2.184
12.123,960.936,14.545,17.84,-9.88,1.563,10.535,2588.655,0.287,83.801,63.479,2.581,0,0.727,0.596,0.336,0.588,2.087
12.173,961.651,14.05,17.43,-9.884,1.41,10.365,2588.655,0.287,83.896,63.479,2.593,0,0.7,0.596,0.302,0.581,1.993
12.223,962.341,13.557,17.026,-9.869,1.534,10.211,2588.655,0.287,83.819,63.479,2.583,0,0.683,0.596,0.33,0.571,1.9
12.273,963.006,13.063,16.627,-9.871,1.444,10.058,2588.655,0.287,83.874,63.479,2.59,0,0.659,0.596,0.31,0.563,1.813
12.323,963.647,12.57,16.234,-9.861,1.52,9.908,2588.655,0.287,83.827,63.479,2.584,0,0.642,0.596,0.327,0.56,1.727
12.373,964.263,12.077,15.846,-9.838,1.79,9.769,2588.655,0.287,83.661,63.479,2.563,0,0.632,0.596,0.387,0.55,1.645
12.423,964.855,11.586,15.466,-9.841,1.708,9.646,2588.655,0.287,83.711,63.479,2.569,0,0.61,0.596,0.369,0.527,1.567
12.473,965.422,11.092,15.092,-9.884,1.143,9.493,2588.655,0.287,84.061,63.479,2.614,0,0.567,0.596,0.243,0.511,1.494
12.523,965.964,10.597,14.725,-9.91,0.987,9.313,2588.655,0.287,84.159,63.479,2.626,0,0.533,0.596,0.209,0.5,1.423
12.573,966.481,10.102,14.367,-9.91,1.052,9.13,2588.655,0.287,84.118,63.479,2.621,0,0.512,0.596,0.223,0.494,1.354
12.623,966.974,9.607,14.017,-9.894,1.124,8.959,2588.655,0.287,84.072,63.479,2.615,0,0.498,0.596,0.239,0.49,1.289
12.673,967.442,9.112,13.677,-9.872,1.25,8.806,2588.655,0.287,83.993,63.479,2.605,0,0.489,0.596,0.267,0.486,1.226
12.723,967.885,8.619,13.346,-9.85,1.409,8.669,2588.655,0.287,83.893,63.479,2.593,0,0.479,0.596,0.302,0.479,1.167
12.773,968.304,8.127,13.027,-9.838,1.496,8.54,2588.655,0.287,83.839,63.479,2.586,0,0.464,0.596,0.321,0.47,1.112
12.823,968.698,7.636,12.718,-9.828,1.557,8.41,2588.655,0.287,83.801,63.479,2.581,0,0.448,0.596,0.335,0.464,1.059
12.873,969.068,7.145,12.422,-9.814,1.669,8.281,2588.655,0.287,83.733,63.479,2.572,0,0.434,0.596,0.36,0.464,1.01
12.923,969.413,6.654,12.139,-9.784,2.013,8.16,2588.655,0.287,83.524,63.479,2.546,0,0.431,0.596,0.438,0.468,0.964
12.973,969.733,6.166,11.87,-9.745,2.51,8.067,2588.655,0.287,83.23,63.479,2.508,0,0.436,0.596,0.554,0.471,0.92
13.023,970.029,5.68,11.616,-9.712,2.932,7.989,2588.655,0.287,82.987,63.479,2.478,0,0.438,0.596,0.655,0.465,0.88
13.073,970.301,5.195,11.376,-9.699,3.079,7.927,2588.655,0.287,82.903,63.479,2.467,0,0.428,0.596,0.69,0.451,0.844
13.123,970.549,4.71,11.154,-9.705,2.962,7.836,2588.655,0.287,82.969,63.479,2.475,0,0.403,0.596,0.662,0.446,0.812
13.173,970.772,4.225,10.949,-9.692,3.131,7.735,2588.655,0.287,82.874,63.479,2.463,0,0.393,0.596,0.703,0.446,0.782
13.223,970.971,3.741,10.762,-9.67,3.421,7.643,2588.655,0.287,82.711,63.479,2.443,0,0.391,0.596,0.774,0.443,0.755
13.273,971.146,3.258,10.594,-9.654,3.627,7.563,2588.655,0.287,82.598,63.479,2.428,0,0.385,0.596,0.825,0.44,0.731
13.323,971.297,2.775,10.447,-9.639,3.838,7.479,2588.655,0.287,82.484,63.479,2.414,0,0.38,0.596,0.877,0.442,0.71
13.373,971.424,2.294,10.32,-9.617,4.106,7.411,2588.655,0.287,82.34,63.479,2.395,0,0.382,0.596,0.945,0.442,0.693
13.423,971.526,1.813,10.215,-9.601,4.299,7.352,2588.655,0.287,82.238,63.479,2.382,0,0.381,0.596,0.994,0.438,0.678
13.473,971.605,1.334,10.131,-9.592,4.423,7.297,2588.655,0.287,82.173,63.479,2.374,0,0.373,0.596,1.026,0.435,0.667
13.523,971.66,0.854,10.071,-9.582,4.549,7.234,2588.655,0.287,82.107,63.479,2.366,0,0.368,0.596,1.059,0.439,0.659
13.573,971.69,0.375,10.033,-9.566,4.687,7.186,2588.655,0.287,82.036,63.479,2.357,0,0.375,0.596,1.095,0.443,0.654
13.623,971.697,-0.102,10.018,-9.553,4.755,7.156,2588.655,0.287,82.001,63.479,2.352,0,0.381,0.596,1.113,0.446,0.652
13.673,971.68,-0.58,10.026,-9.435,NaN,NaN,2588.655,0.287,0,63.479,-8.062,0,24.722,40.291,NaN,NaN,NaN
13.747,971.611,-1.283,9.386,-9.037,NaN,NaN,2588.655,0.287,0,63.479,-8.062,0,22.29,40.291,NaN,NaN,NaN
13.827,971.479,-2.008,8.841,-8.67,NaN,NaN,2588.655,0.287,0,63.479,-8.062,0,20.003,40.291,NaN,NaN,NaN
13.914,971.273,-2.758,8.414,-8.304,NaN,NaN,2588.655,0.287,0,63.479,-8.062,0,18.606,40.291,NaN,NaN,NaN
14.006,970.984,-3.522,8.107,-7.901,NaN,NaN,2588.655,0.287,0,63.479,-8.062,0,18.429,40.291,NaN,NaN,NaN
14.101,970.611,-4.277,7.904,-7.631,NaN,NaN,2588.655,0.287,0,63.479,-8.062,0,16.302,40.291,NaN,NaN,NaN
14.205,970.127,-5.067,7.88,-7.281,NaN,NaN,2588.655,0.287,0,63.479,-8.062,0,15.672,40.291,NaN,NaN,NaN
14.314,969.529,-5.865,7.993,-6.872,NaN,NaN,2588.655,0.287,0,63.479,-8.062,0,15.812,40.291,NaN,NaN,NaN
14.429,968.811,-6.653,8.213,-6.468,NaN,NaN,2588.655,0.287,0,63.479,-8.062,0,15.907,40.291,NaN,NaN,NaN
14.55,967.96,-7.434,8.535,-5.993,NaN,NaN,2588.655,0.287,0,63.479,-8.062,0,16.64,40.291,NaN,NaN,NaN
14.676,966.974,-8.191,8.923,-5.652,NaN,NaN,2588.655,0.287,0,63.479,-8.062,0,16.27,40.291,NaN,NaN,NaN
14.812,965.81,-8.958,9.415,-5.273,NaN,NaN,2588.655,0.287,0,63.479,-8.062,0,16.208,40.291,NaN,NaN,NaN
14.958,964.44,-9.731,9.991,-4.831,NaN,NaN,2588.655,0.287,0,63.479,-8.062,0,16.545,40.291,NaN,NaN,NaN
15.118,962.831,-10.499,10.625,-4.357,NaN,NaN,2588.655,0.287,0,63.479,-8.062,0,17.052,40.291,NaN,NaN,NaN
15.292,960.931,-11.26,11.303,-3.886,NaN,NaN,2588.655,0.287,0,63.479,-8.062,0,17.502,40.291,NaN,NaN,NaN
15.489,958.643,-12.024,12.029,-3.382,NaN,NaN,2588.655,0.287,0,63.479,-8.062,0,18.076,40.291,NaN,NaN,NaN
15.718,955.8,-12.799,12.803,-2.66,NaN,NaN,2588.655,0.287,0,63.479,-8.062,0,19.742,40.291,NaN,NaN,NaN
15.982,952.324,-13.502,13.541,-2.064,NaN,NaN,2588.655,0.287,0,63.479,-8.062,0,20.819,40.291,NaN,NaN,NaN
16.312,947.751,-14.183,14.291,-1.309,NaN,NaN,2588.655,0.287,0,63.479,-8.062,0,22.719,40.291,NaN,NaN,NaN
16.698,942.181,-14.689,14.92,-0.842,NaN,NaN,2588.655,0.287,0,63.479,-8.062,0,23.564,40.291,NaN,NaN,NaN
17.198,934.731,-15.11,15.495,-0.382,NaN,NaN,2588.655,0.287,0,63.479,-8.062,0,24.599,40.291,NaN,NaN,NaN
17.698,927.129,-15.301,15.837,-0.201,NaN,NaN,2588.655,0.287,0,63.479,-8.062,0,24.9,40.291,NaN,NaN,NaN
18.198,919.453,-15.401,16.026,-0.072,NaN,NaN,2588.655,0.287,0,63.479,-8.062,0,25.223,40.291,NaN,NaN,NaN
18.698,911.744,-15.437,16.151,-0.04,NaN,NaN,2588.655,0.287,0,63.479,-8.062,0,25.253,40.291,NaN,NaN,NaN
19.198,904.02,-15.457,16.16,-0.006,NaN,NaN,2588.655,0.287,0,63.479,-8.062,0,25.343,40.291,NaN,NaN,NaN
19.698,896.291,-15.46,16.14,0.005,NaN,NaN,2588.655,0.287,0,63.479,-8.062,0,25.37,40.291,NaN,NaN,NaN
20.198,888.562,-15.457,16.119,0.01,NaN,NaN,2588.655,0.287,0,63.479,-8.062,0,25.388,40.291,NaN,NaN,NaN
20.698,880.834,-15.452,16.143,0.022,NaN,NaN,2588.655,0.287,0,63.479,-8.062,0,25.447,40.291,NaN,NaN,NaN
21.198,873.111,-15.441,16.207,0.008,NaN,NaN,2588.655,0.287,0,63.479,-8.062,0,25.391,40.291,NaN,NaN,NaN
21.698,865.391,-15.437,16.153,0.005,NaN,NaN,2588.655,0.287,0,63.479,-8.062,0,25.37,40.291,NaN,NaN,NaN
22.198,857.674,-15.434,16.139,0.02,NaN,NaN,2588.655,0.287,0,63.479,-8.062,0,25.435,40.291,NaN,NaN,NaN
22.698,849.959,-15.424,16.198,0.016,NaN,NaN,2588.655,0.287,0,63.479,-8.062,0,25.426,40.291,NaN,NaN,NaN
23.198,842.249,-15.417,16.265,0.006,NaN,NaN,2588.655,0.287,0,63.479,-8.062,0,25.383,40.291,NaN,NaN,NaN
23.698,834.541,-15.414,16.31,0.007,NaN,NaN,2588.655,0.287,0,63.479,-8.062,0,25.377,40.291,NaN,NaN,NaN
24.198,826.835,-15.41,16.336,0.013,NaN,NaN,2588.655,0.287,0,63.479,-8.062,0,25.401,40.291,NaN,NaN,NaN
24.698,819.131,-15.404,16.28,0.013,NaN,NaN,2588.655,0.287,0,63.479,-8.062,0,25.403,40.291,NaN,NaN,NaN
25.198,811.431,-15.398,16.326,0.014,NaN,NaN,2588.655,0.287,0,63.479,-8.062,0,25.413,40.291,NaN,NaN,NaN
25.698,803.734,-15.39,16.385,0.008,NaN,NaN,2588.655,0.287,0,63.479,-8.062,0,25.383,40.291,NaN,NaN,NaN
26.198,796.04,-15.387,16.342,0.027,NaN,NaN,2588.655,0.287,0,63.479,-8.062,0,25.476,40.291,NaN,NaN,NaN
26.698,788.35,-15.373,16.227,0.012,NaN,NaN,2588.655,0.287,0,63.479,-8.062,0,25.423,40.291,NaN,NaN,NaN
27.198,780.665,-15.367,16.139,0.007,NaN,NaN,2588.655,0.287,0,63.479,-8.062,0,25.4,40.291,NaN,NaN,NaN
27.698,772.982,-15.364,16.069,0.002,NaN,NaN,2588.655,0.287,0,63.479,-8.062,0,25.364,40.291,NaN,NaN,NaN
28.198,765.3,-15.363,16.093,0.007,NaN,NaN,2588.655,0.287,0,63.479,-8.062,0,25.375,40.291,NaN,NaN,NaN
28.698,757.62,-15.36,16.078,0.014,NaN,NaN,2588.655,0.287,0,63.479,-8.062,0,25.404,40.291,NaN,NaN,NaN
29.198,749.942,-15.353,16.029,0.028,NaN,NaN,2588.655,0.287,0,63.479,-8.062,0,25.483,40.291,NaN,NaN,NaN
29.698,742.269,-15.338,15.926,-3.308e-4,NaN,NaN,2588.655,0.287,0,63.479,-8.062,0,25.363,40.291,NaN,NaN,NaN
30.198,734.6,-15.339,15.957,0.042,NaN,NaN,2588.655,0.287,0,63.479,-8.062,0,25.563,40.291,NaN,NaN,NaN
30.698,726.936,-15.318,16.061,0.004,NaN,NaN,2588.655,0.287,0,63.479,-8.062,0,25.419,40.291,NaN,NaN,NaN
31.198,719.277,-15.315,16.155,-0.003,NaN,NaN,2588.655,0.287,0,63.479,-8.062,0,25.371,40.291,NaN,NaN,NaN
31.698,711.619,-15.317,16.22,0.007,NaN,NaN,2588.655,0.287,0,63.479,-8.062,0,25.399,40.291,NaN,NaN,NaN
32.198,703.962,-15.313,16.287,0.004,NaN,NaN,2588.655,0.287,0,63.479,-8.062,0,25.375,40.291,NaN,NaN,NaN
32.698,696.306,-15.311,16.243,0.007,NaN,NaN,2588.655,0.287,0,63.479,-8.062,0,25.378,40.291,NaN,NaN,NaN
33.198,688.651,-15.308,16.213,0.013,NaN,NaN,2588.655,0.287,0,63.479,-8.062,0,25.4,40.291,NaN,NaN,NaN
33.698,680.999,-15.301,16.16,0.031,NaN,NaN,2588.655,0.287,0,63.479,-8.062,0,25.498,40.291,NaN,NaN,NaN
34.198,673.352,-15.286,16.039,-0.002,NaN,NaN,2588.655,0.287,0,63.479,-8.062,0,25.361,40.291,NaN,NaN,NaN
34.698,665.709,-15.287,16.001,0.005,NaN,NaN,2588.655,0.287,0,63.479,-8.062,0,25.376,40.291,NaN,NaN,NaN
35.198,658.066,-15.284,15.968,0.008,NaN,NaN,2588.655,0.287,0,63.479,-8.062,0,25.379,40.291,NaN,NaN,NaN
35.698,650.425,-15.28,15.982,0.009,NaN,NaN,2588.655,0.287,0,63.479,-8.062,0,25.381,40.291,NaN,NaN,NaN
36.198,642.786,-15.276,15.983,0.011,NaN,NaN,2588.655,0.287,0,63.479,-8.062,0,25.386,40.291,NaN,NaN,NaN
36.698,635.15,-15.27,15.964,0.012,NaN,NaN,2588.655,0.287,0,63.479,-8.062,0,25.393,40.291,NaN,NaN,NaN
37.198,627.516,-15.264,15.933,0.018,NaN,NaN,2588.655,0.287,0,63.479,-8.062,0,25.425,40.291,NaN,NaN,NaN
37.698,619.886,-15.255,15.869,0.008,NaN,NaN,2588.655,0.287,0,63.479,-8.062,0,25.386,40.291,NaN,NaN,NaN
38.198,612.259,-15.251,15.897,0.008,NaN,NaN,2588.655,0.287,0,63.479,-8.062,0,25.378,40.291,NaN,NaN,NaN
38.698,604.635,-15.247,15.886,0.033,NaN,NaN,2588.655,0.287,0,63.479,-8.062,0,25.501,40.291,NaN,NaN,NaN
39.198,597.015,-15.231,15.967,8.63e-5,NaN,NaN,2588.655,0.287,0,63.479,-8.062,0,25.367,40.291,NaN,NaN,NaN
39.698,589.4,-15.231,16.006,0.017,NaN,NaN,2588.655,0.287,0,63.479,-8.062,0,25.437,40.291,NaN,NaN,NaN
40.198,581.786,-15.222,16.078,0.016,NaN,NaN,2588.655,0.287,0,63.479,-8.062,0,25.437,40.291,NaN,NaN,NaN
40.698,574.177,-15.214,16.16,0.002,NaN,NaN,2588.655,0.287,0,63.479,-8.062,0,25.373,40.291,NaN,NaN,NaN
41.198,566.57,-15.214,16.112,0.023,NaN,NaN,2588.655,0.287,0,63.479,-8.062,0,25.468,40.291,NaN,NaN,NaN
41.698,558.966,-15.202,16.003,0.003,NaN,NaN,2588.655,0.287,0,63.479,-8.062,0,25.382,40.291,NaN,NaN,NaN
42.198,551.366,-15.2,15.947,0.008,NaN,NaN,2588.655,0.287,0,63.479,-8.062,0,25.392,40.291,NaN,NaN,NaN
42.698,543.766,-15.197,15.894,0.009,NaN,NaN,2588.655,0.287,0,63.479,-8.062,0,25.395,40.291,NaN,NaN,NaN
43.198,536.169,-15.192,15.845,0.01,NaN,NaN,2588.655,0.287,0,63.479,-8.062,0,25.394,40.291,NaN,NaN,NaN
43.698,528.575,-15.187,15.881,0.021,NaN,NaN,2588.655,0.287,0,63.479,-8.062,0,25.449,40.291,NaN,NaN,NaN
44.198,520.984,-15.176,15.949,0.007,NaN,NaN,2588.655,0.287,0,63.479,-8.062,0,25.393,40.291,NaN,NaN,NaN
44.698,513.396,-15.173,16,0.013,NaN,NaN,2588.655,0.287,0,63.479,-8.062,0,25.414,40.291,NaN,NaN,NaN
45.198,505.812,-15.167,16.061,0.004,NaN,NaN,2588.655,0.287,0,63.479,-8.062,0,25.372,40.291,NaN,NaN,NaN
45.698,498.229,-15.165,16.034,0.042,NaN,NaN,2588.655,0.287,0,63.479,-8.062,0,25.557,40.291,NaN,NaN,NaN
46.198,490.652,-15.143,15.884,-0.009,NaN,NaN,2588.655,0.287,0,63.479,-8.062,0,25.343,40.291,NaN,NaN,NaN
46.698,483.079,-15.148,15.851,0.023,NaN,NaN,2588.655,0.287,0,63.479,-8.062,0,25.475,40.291,NaN,NaN,NaN
47.198,475.508,-15.137,15.747,-0.002,NaN,NaN,2588.655,0.287,0,63.479,-8.062,0,25.365,40.291,NaN,NaN,NaN
47.698,467.939,-15.138,15.707,0.004,NaN,NaN,2588.655,0.287,0,63.479,-8.062,0,25.372,40.291,NaN,NaN,NaN
48.198,460.371,-15.136,15.728,0.047,NaN,NaN,2588.655,0.287,0,63.479,-8.062,0,25.582,40.291,NaN,NaN,NaN
48.698,452.809,-15.113,15.832,-0.015,NaN,NaN,2588.655,0.287,0,63.479,-8.062,0,25.32,40.291,NaN,NaN,NaN
48.699,452.794,-15.113,15.832,61.367,NaN,NaN,2588.655,0.287,0,63.479,-8.062,0,184.222,293.153,NaN,NaN,NaN
48.716,452.556,-14.113,14.883,52.272,NaN,NaN,2588.655,0.287,0,63.479,-8.062,0,160.701,293.153,NaN,NaN,NaN
48.735,452.295,-13.113,13.946,43.811,NaN,NaN,2588.655,0.287,0,63.479,-8.062,0,138.85,293.153,NaN,NaN,NaN
48.758,452.008,-12.114,13.026,35.977,NaN,NaN,2588.655,0.287,0,63.479,-8.062,0,118.617,293.153,NaN,NaN,NaN
48.785,451.685,-11.115,12.127,28.744,NaN,NaN,2588.655,0.287,0,63.479,-8.062,0,99.869,293.153,NaN,NaN,NaN
48.82,451.317,-10.117,11.245,22.142,NaN,NaN,2588.655,0.287,0,63.479,-8.062,0,82.783,293.153,NaN,NaN,NaN
48.865,450.883,-9.12,10.392,16.168,NaN,NaN,2588.655,0.287,0,63.479,-8.062,0,67.328,293.153,NaN,NaN,NaN
48.927,450.352,-8.124,9.579,10.812,NaN,NaN,2588.655,0.287,0,63.479,-8.062,0,53.446,293.153,NaN,NaN,NaN
49.019,449.652,-7.131,8.82,6.102,NaN,NaN,2588.655,0.287,0,63.479,-8.062,0,41.285,293.153,NaN,NaN,NaN
49.179,448.586,-6.152,8.181,2,NaN,NaN,2588.655,0.287,0,63.479,-8.062,0,30.535,293.153,NaN,NaN,NaN
49.44,447.05,-5.63,7.795,0.088,NaN,NaN,2588.655,0.287,0,63.479,-8.062,0,25.59,293.153,NaN,NaN,NaN
49.725,445.449,-5.605,7.81,0.022,NaN,NaN,2588.655,0.287,0,63.479,-8.062,0,25.472,293.153,NaN,NaN,NaN
50.011,443.847,-5.599,7.676,-0.012,NaN,NaN,2588.655,0.287,0,63.479,-8.062,0,25.351,293.153,NaN,NaN,NaN
50.297,442.243,-5.602,7.598,-0.002,NaN,NaN,2588.655,0.287,0,63.479,-8.062,0,25.367,293.153,NaN,NaN,NaN
50.583,440.64,-5.603,7.66,0.002,NaN,NaN,2588.655,0.287,0,63.479,-8.062,0,25.376,293.153,NaN,NaN,NaN
50.869,439.037,-5.602,7.598,-0.003,NaN,NaN,2588.655,0.287,0,63.479,-8.062,0,25.353,293.153,NaN,NaN,NaN
51.155,437.434,-5.603,7.62,0.001,NaN,NaN,2588.655,0.287,0,63.479,-8.062,0,25.363,293.153,NaN,NaN,NaN
51.441,435.832,-5.603,7.603,0.039,NaN,NaN,2588.655,0.287,0,63.479,-8.062,0,25.559,293.153,NaN,NaN,NaN
51.727,434.232,-5.592,7.765,-0.032,NaN,NaN,2588.655,0.287,0,63.479,-8.062,0,25.287,293.153,NaN,NaN,NaN
52.014,432.629,-5.601,7.713,0.004,NaN,NaN,2588.655,0.287,0,63.479,-8.062,0,25.386,293.153,NaN,NaN,NaN
52.3,431.027,-5.6,7.642,-0.005,NaN,NaN,2588.655,0.287,0,63.479,-8.062,0,25.346,293.153,NaN,NaN,NaN
52.586,429.426,-5.601,7.645,0.002,NaN,NaN,2588.655,0.287,0,63.479,-8.062,0,25.367,293.153,NaN,NaN,NaN
52.871,427.825,-5.601,7.667,0.089,NaN,NaN,2588.655,0.287,0,63.479,-8.062,0,25.822,293.153,NaN,NaN,NaN
53.157,426.228,-5.575,7.393,-0.071,NaN,NaN,2588.655,0.287,0,63.479,-8.062,0,25.218,293.153,NaN,NaN,NaN
53.444,424.624,-5.595,7.515,-0.014,NaN,NaN,2588.655,0.287,0,63.479,-8.062,0,25.323,293.153,NaN,NaN,NaN
53.73,423.023,-5.599,7.533,0.035,NaN,NaN,2588.655,0.287,0,63.479,-8.062,0,25.536,293.153,NaN,NaN,NaN
54.016,421.425,-5.589,7.372,-0.016,NaN,NaN,2588.655,0.287,0,63.479,-8.062,0,25.357,293.153,NaN,NaN,NaN
54.302,419.824,-5.594,7.48,-0.005,NaN,NaN,2588.655,0.287,0,63.479,-8.062,0,25.368,293.153,NaN,NaN,NaN
54.588,418.225,-5.596,7.559,-0.004,NaN,NaN,2588.655,0.287,0,63.479,-8.062,0,25.357,293.153,NaN,NaN,NaN
54.874,416.625,-5.597,7.608,-0.002,NaN,NaN,2588.655,0.287,0,63.479,-8.062,0,25.355,293.153,NaN,NaN,NaN
55.16,415.026,-5.597,7.608,0.013,NaN,NaN,2588.655,0.287,0,63.479,-8.062,0,25.425,293.153,NaN,NaN,NaN
55.445,413.428,-5.593,7.512,-0.005,NaN,NaN,2588.655,0.287,0,63.479,-8.062,0,25.362,293.153,NaN,NaN,NaN
55.731,411.829,-5.595,7.578,0.018,NaN,NaN,2588.655,0.287,0,63.479,-8.062,0,25.462,293.153,NaN,NaN,NaN
56.017,410.232,-5.59,7.702,-0.016,NaN,NaN,2588.655,0.287,0,63.479,-8.062,0,25.327,293.153,NaN,NaN,NaN
56.303,408.633,-5.594,7.76,-0.002,NaN,NaN,2588.655,0.287,0,63.479,-8.062,0,25.353,293.153,NaN,NaN,NaN
56.588,407.035,-5.595,7.759,0.085,NaN,NaN,2588.655,0.287,0,63.479,-8.062,0,25.795,293.153,NaN,NaN,NaN
56.874,405.441,-5.571,7.49,-0.04,NaN,NaN,2588.655,0.287,0,63.479,-8.062,0,25.362,293.153,NaN,NaN,NaN
57.161,403.842,-5.582,7.329,0.016,NaN,NaN,2588.655,0.287,0,63.479,-8.062,0,25.544,293.153,NaN,NaN,NaN
57.447,402.246,-5.578,7.136,-0.051,NaN,NaN,2588.655,0.287,0,63.479,-8.062,0,25.236,293.153,NaN,NaN,NaN
57.733,400.647,-5.592,7.19,0.014,NaN,NaN,2588.655,0.287,0,63.479,-8.062,0,25.434,293.153,NaN,NaN,NaN
58.018,399.051,-5.589,7.09,0.025,NaN,NaN,2588.655,0.287,0,63.479,-8.062,0,25.525,293.153,NaN,NaN,NaN
58.304,397.456,-5.581,6.933,-0.025,NaN,NaN,2588.655,0.287,0,63.479,-8.062,0,25.325,293.153,NaN,NaN,NaN
58.59,395.859,-5.589,7.022,0.067,NaN,NaN,2588.655,0.287,0,63.479,-8.062,0,25.733,293.153,NaN,NaN,NaN
58.876,394.266,-5.57,7.227,-0.074,NaN,NaN,2588.655,0.287,0,63.479,-8.062,0,25.173,293.153,NaN,NaN,NaN
59.162,392.667,-5.591,7.277,0.071,NaN,NaN,2588.655,0.287,0,63.479,-8.062,0,25.726,293.153,NaN,NaN,NaN
59.447,391.075,-5.571,7.483,-0.037,NaN,NaN,2588.655,0.287,0,63.479,-8.062,0,25.345,293.153,NaN,NaN,NaN
59.734,389.478,-5.581,7.643,-0.029,NaN,NaN,2588.655,0.287,0,63.479,-8.062,0,25.287,293.153,NaN,NaN,NaN
60.019,387.882,-5.589,7.62,0.019,NaN,NaN,2588.655,0.287,0,63.479,-8.062,0,25.456,293.153,NaN,NaN,NaN
60.305,386.289,-5.584,7.5,0.073,NaN,NaN,2588.655,0.287,0,63.479,-8.062,0,25.785,293.153,NaN,NaN,NaN
60.59,384.697,-5.563,7.233,-0.016,NaN,NaN,2588.655,0.287,0,63.479,-8.062,0,25.507,293.153,NaN,NaN,NaN
60.877,383.103,-5.568,7.46,-0.069,NaN,NaN,2588.655,0.287,0,63.479,-8.062,0,25.185,293.153,NaN,NaN,NaN
61.163,381.506,-5.588,7.439,0.021,NaN,NaN,2588.655,0.287,0,63.479,-8.062,0,25.47,293.153,NaN,NaN,NaN
61.448,379.913,-5.581,7.558,-0.008,NaN,NaN,2588.655,0.287,0,63.479,-8.062,0,25.369,293.153,NaN,NaN,NaN
61.734,378.32,-5.584,7.653,0.071,NaN,NaN,2588.655,0.287,0,63.479,-8.062,0,25.754,293.153,NaN,NaN,NaN
62.019,376.73,-5.564,7.892,-0.078,NaN,NaN,2588.655,0.287,0,63.479,-8.062,0,25.159,293.153,NaN,NaN,NaN
62.305,375.134,-5.586,7.881,0.003,NaN,NaN,2588.655,0.287,0,63.479,-8.062,0,25.375,293.153,NaN,NaN,NaN
62.59,373.541,-5.585,7.835,0.029,NaN,NaN,2588.655,0.287,0,63.479,-8.062,0,25.512,293.153,NaN,NaN,NaN
62.875,371.95,-5.577,7.676,-0.017,NaN,NaN,2588.655,0.287,0,63.479,-8.062,0,25.347,293.153,NaN,NaN,NaN
63.161,370.357,-5.582,7.586,-0.007,NaN,NaN,2588.655,0.287,0,63.479,-8.062,0,25.349,293.153,NaN,NaN,NaN
63.446,368.765,-5.584,7.54,2.929e-5,NaN,NaN,2588.655,0.287,0,63.479,-8.062,0,25.364,293.153,NaN,NaN,NaN
63.946,365.974,-5.584,7.48,0.002,NaN,NaN,2588.655,0.287,0,63.479,-8.062,0,25.365,293.153,NaN,NaN,NaN
64.231,364.383,-5.583,7.499,0.008,NaN,NaN,2588.655,0.287,0,63.479,-8.062,0,25.4,293.153,NaN,NaN,NaN
64.516,362.792,-5.581,7.425,-0.006,NaN,NaN,2588.655,0.287,0,63.479,-8.062,0,25.346,293.153,NaN,NaN,NaN
64.801,361.201,-5.582,7.443,0.021,NaN,NaN,2588.655,0.287,0,63.479,-8.062,0,25.464,293.153,NaN,NaN,NaN
65.086,359.612,-5.577,7.557,0.028,NaN,NaN,2588.655,0.287,0,63.479,-8.062,0,25.551,293.153,NaN,NaN,NaN
65.371,358.023,-5.569,7.37,-0.024,NaN,NaN,2588.655,0.287,0,63.479,-8.062,0,25.351,293.153,NaN,NaN,NaN
65.657,356.432,-5.575,7.257,-0.016,NaN,NaN,2588.655,0.287,0,63.479,-8.062,0,25.327,293.153,NaN,NaN,NaN
65.942,354.842,-5.58,7.215,0.07,NaN,NaN,2588.655,0.287,0,63.479,-8.062,0,25.727,293.153,NaN,NaN,NaN
66.226,353.255,-5.56,7.42,0.132,NaN,NaN,2588.655,0.287,0,63.479,-8.062,0,26.233,293.153,NaN,NaN,NaN
66.512,351.671,-5.522,7.79,-0.198,NaN,NaN,2588.655,0.287,0,63.479,-8.062,0,24.852,293.153,NaN,NaN,NaN
66.8,350.074,-5.579,7.794,0.071,NaN,NaN,2588.655,0.287,0,63.479,-8.062,0,25.725,293.153,NaN,NaN,NaN
67.085,348.488,-5.559,7.548,0.009,NaN,NaN,2588.655,0.287,0,63.479,-8.062,0,25.585,293.153,NaN,NaN,NaN
67.37,346.9,-5.557,7.31,-0.073,NaN,NaN,2588.655,0.287,0,63.479,-8.062,0,25.178,293.153,NaN,NaN,NaN
67.656,345.309,-5.577,7.283,-9.785e-4,NaN,NaN,2588.655,0.287,0,63.479,-8.062,0,25.358,293.153,NaN,NaN,NaN
67.941,343.721,-5.578,7.295,0.061,NaN,NaN,2588.655,0.287,0,63.479,-8.062,0,25.675,293.153,NaN,NaN,NaN
68.226,342.136,-5.56,7.486,-0.057,NaN,NaN,2588.655,0.287,0,63.479,-8.062,0,25.214,293.153,NaN,NaN,NaN
68.511,340.546,-5.577,7.472,0.127,NaN,NaN,2588.655,0.287,0,63.479,-8.062,0,26.018,293.153,NaN,NaN,NaN
68.796,338.964,-5.541,7.756,-0.098,NaN,NaN,2588.655,0.287,0,63.479,-8.062,0,25.174,293.153,NaN,NaN,NaN
69.082,337.373,-5.569,7.919,-0.023,NaN,NaN,2588.655,0.287,0,63.479,-8.062,0,25.301,293.153,NaN,NaN,NaN
69.367,335.786,-5.575,7.898,0.033,NaN,NaN,2588.655,0.287,0,63.479,-8.062,0,25.532,293.153,NaN,NaN,NaN
69.652,334.201,-5.566,7.73,-0.015,NaN,NaN,2588.655,0.287,0,63.479,-8.062,0,25.362,293.153,NaN,NaN,NaN
69.937,332.614,-5.57,7.845,0.037,NaN,NaN,2588.655,0.287,0,63.479,-8.062,0,25.592,293.153,NaN,NaN,NaN
70.221,331.03,-5.56,7.636,0.124,NaN,NaN,2588.655,0.287,0,63.479,-8.062,0,26.14,293.153,NaN,NaN,NaN
70.507,329.449,-5.524,7.251,-0.167,NaN,NaN,2588.655,0.287,0,63.479,-8.062,0,24.94,293.153,NaN,NaN,NaN
70.794,327.857,-5.572,7.23,-0.001,NaN,NaN,2588.655,0.287,0,63.479,-8.062,0,25.36,293.153,NaN,NaN,NaN
71.078,326.271,-5.573,7.261,0.014,NaN,NaN,2588.655,0.287,0,63.479,-8.062,0,25.431,293.153,NaN,NaN,NaN
71.362,324.687,-5.569,7.164,0.061,NaN,NaN,2588.655,0.287,0,63.479,-8.062,0,25.709,293.153,NaN,NaN,NaN
71.647,323.105,-5.551,7.372,-0.066,NaN,NaN,2588.655,0.287,0,63.479,-8.062,0,25.203,293.153,NaN,NaN,NaN
71.932,321.517,-5.57,7.447,0.031,NaN,NaN,2588.655,0.287,0,63.479,-8.062,0,25.533,293.153,NaN,NaN,NaN
72.217,319.934,-5.561,7.6,-0.026,NaN,NaN,2588.655,0.287,0,63.479,-8.062,0,25.311,293.153,NaN,NaN,NaN
72.502,318.349,-5.569,7.532,0.011,NaN,NaN,2588.655,0.287,0,63.479,-8.062,0,25.431,293.153,NaN,NaN,NaN
72.786,316.766,-5.566,7.64,0.018,NaN,NaN,2588.655,0.287,0,63.479,-8.062,0,25.495,293.153,NaN,NaN,NaN
73.071,315.183,-5.56,7.479,-0.031,NaN,NaN,2588.655,0.287,0,63.479,-8.062,0,25.281,293.153,NaN,NaN,NaN
73.355,313.599,-5.569,7.46,0.001,NaN,NaN,2588.655,0.287,0,63.479,-8.062,0,25.364,293.153,NaN,NaN,NaN
73.64,312.016,-5.569,7.443,0.019,NaN,NaN,2588.655,0.287,0,63.479,-8.062,0,25.456,293.153,NaN,NaN,NaN
73.924,310.434,-5.564,7.328,-4.751e-5,NaN,NaN,2588.655,0.287,0,63.479,-8.062,0,25.402,293.153,NaN,NaN,NaN
74.424,307.652,-5.564,7.146,-0.002,NaN,NaN,2588.655,0.287,0,63.479,-8.062,0,25.387,293.153,NaN,NaN,NaN
74.708,306.07,-5.564,7.234,-0.007,NaN,NaN,2588.655,0.287,0,63.479,-8.062,0,25.351,293.153,NaN,NaN,NaN
74.992,304.488,-5.566,7.283,0.007,NaN,NaN,2588.655,0.287,0,63.479,-8.062,0,25.399,293.153,NaN,NaN,NaN
75.277,302.906,-5.564,7.207,-0.003,NaN,NaN,2588.655,0.287,0,63.479,-8.062,0,25.362,293.153,NaN,NaN,NaN
75.561,301.325,-5.565,7.157,0.064,NaN,NaN,2588.655,0.287,0,63.479,-8.062,0,25.697,293.153,NaN,NaN,NaN
75.845,299.746,-5.547,7.353,-0.05,NaN,NaN,2588.655,0.287,0,63.479,-8.062,0,25.266,293.153,NaN,NaN,NaN
76.13,298.163,-5.562,7.462,0.007,NaN,NaN,2588.655,0.287,0,63.479,-8.062,0,25.427,293.153,NaN,NaN,NaN
76.414,296.583,-5.56,7.345,0.062,NaN,NaN,2588.655,0.287,0,63.479,-8.062,0,25.731,293.153,NaN,NaN,NaN
76.698,295.005,-5.542,7.102,-0.023,NaN,NaN,2588.655,0.287,0,63.479,-8.062,0,25.445,293.153,NaN,NaN,NaN
76.983,293.424,-5.548,6.924,-0.016,NaN,NaN,2588.655,0.287,0,63.479,-8.062,0,25.417,293.153,NaN,NaN,NaN
77.268,291.843,-5.553,7.077,-0.036,NaN,NaN,2588.655,0.287,0,63.479,-8.062,0,25.27,293.153,NaN,NaN,NaN
77.553,290.262,-5.563,7.105,0.013,NaN,NaN,2588.655,0.287,0,63.479,-8.062,0,25.424,293.153,NaN,NaN,NaN
77.837,288.683,-5.56,7.017,-6.504e-5,NaN,NaN,2588.655,0.287,0,63.479,-8.062,0,25.387,293.153,NaN,NaN,NaN
78.337,285.903,-5.56,6.883,0.001,NaN,NaN,2588.655,0.287,0,63.479,-8.062,0,25.386,293.153,NaN,NaN,NaN
78.621,284.325,-5.559,6.952,0.074,NaN,NaN,2588.655,0.287,0,63.479,-8.062,0,25.764,293.153,NaN,NaN,NaN
78.904,282.749,-5.538,7.159,-0.037,NaN,NaN,2588.655,0.287,0,63.479,-8.062,0,25.375,293.153,NaN,NaN,NaN
79.189,281.169,-5.549,7.334,0.056,NaN,NaN,2588.655,0.287,0,63.479,-8.062,0,25.758,293.153,NaN,NaN,NaN
79.474,279.594,-5.533,7.588,-0.052,NaN,NaN,2588.655,0.287,0,63.479,-8.062,0,25.34,293.153,NaN,NaN,NaN
79.759,278.014,-5.548,7.781,-0.033,NaN,NaN,2588.655,0.287,0,63.479,-8.062,0,25.297,293.153,NaN,NaN,NaN
80.043,276.435,-5.557,7.871,0.021,NaN,NaN,2588.655,0.287,0,63.479,-8.062,0,25.488,293.153,NaN,NaN,NaN
80.327,274.858,-5.551,7.717,-0.023,NaN,NaN,2588.655,0.287,0,63.479,-8.062,0,25.311,293.153,NaN,NaN,NaN
80.611,273.28,-5.558,7.778,-0.001,NaN,NaN,2588.655,0.287,0,63.479,-8.062,0,25.36,293.153,NaN,NaN,NaN
80.895,271.703,-5.558,7.748,0.003,NaN,NaN,2588.655,0.287,0,63.479,-8.062,0,25.375,293.153,NaN,NaN,NaN
81.179,270.127,-5.557,7.793,0.009,NaN,NaN,2588.655,0.287,0,63.479,-8.062,0,25.41,293.153,NaN,NaN,NaN
81.462,268.551,-5.555,7.703,0.032,NaN,NaN,2588.655,0.287,0,63.479,-8.062,0,25.55,293.153,NaN,NaN,NaN
81.746,266.976,-5.546,7.875,-0.033,NaN,NaN,2588.655,0.287,0,63.479,-8.062,0,25.292,293.153,NaN,NaN,NaN
82.03,265.399,-5.555,7.81,0.068,NaN,NaN,2588.655,0.287,0,63.479,-8.062,0,25.727,293.153,NaN,NaN,NaN
82.314,263.826,-5.536,8.041,0.061,NaN,NaN,2588.655,0.287,0,63.479,-8.062,0,25.867,293.153,NaN,NaN,NaN
82.599,262.253,-5.518,7.697,-0.08,NaN,NaN,2588.655,0.287,0,63.479,-8.062,0,25.289,293.153,NaN,NaN,NaN
82.884,260.674,-5.541,7.516,-0.034,NaN,NaN,2588.655,0.287,0,63.479,-8.062,0,25.315,293.153,NaN,NaN,NaN
83.168,259.098,-5.55,7.416,-0.013,NaN,NaN,2588.655,0.287,0,63.479,-8.062,0,25.33,293.153,NaN,NaN,NaN
83.452,257.523,-5.554,7.451,0.009,NaN,NaN,2588.655,0.287,0,63.479,-8.062,0,25.409,293.153,NaN,NaN,NaN
83.735,255.949,-5.552,7.532,0.047,NaN,NaN,2588.655,0.287,0,63.479,-8.062,0,25.625,293.153,NaN,NaN,NaN
84.019,254.376,-5.538,7.324,0.023,NaN,NaN,2588.655,0.287,0,63.479,-8.062,0,25.62,293.153,NaN,NaN,NaN
84.303,252.803,-5.532,7.095,-0.071,NaN,NaN,2588.655,0.287,0,63.479,-8.062,0,25.189,293.153,NaN,NaN,NaN
84.588,251.227,-5.552,7.163,-0.003,NaN,NaN,2588.655,0.287,0,63.479,-8.062,0,25.353,293.153,NaN,NaN,NaN
84.871,249.653,-5.553,7.167,0.015,NaN,NaN,2588.655,0.287,0,63.479,-8.062,0,25.432,293.153,NaN,NaN,NaN
85.155,248.08,-5.548,7.074,-0.003,NaN,NaN,2588.655,0.287,0,63.479,-8.062,0,25.376,293.153,NaN,NaN,NaN
85.438,246.507,-5.549,7.148,0.002,NaN,NaN,2588.655,0.287,0,63.479,-8.062,0,25.389,293.153,NaN,NaN,NaN
85.721,244.934,-5.549,7.224,0.037,NaN,NaN,2588.655,0.287,0,63.479,-8.062,0,25.571,293.153,NaN,NaN,NaN
86.005,243.363,-5.538,7.048,-0.015,NaN,NaN,2588.655,0.287,0,63.479,-8.062,0,25.392,293.153,NaN,NaN,NaN
86.289,241.79,-5.543,7.182,0.058,NaN,NaN,2588.655,0.287,0,63.479,-8.062,0,25.73,293.153,NaN,NaN,NaN
86.572,240.221,-5.526,7.409,-0.073,NaN,NaN,2588.655,0.287,0,63.479,-8.062,0,25.196,293.153,NaN,NaN,NaN
86.857,238.646,-5.547,7.506,0.004,NaN,NaN,2588.655,0.287,0,63.479,-8.062,0,25.401,293.153,NaN,NaN,NaN
87.14,237.074,-5.546,7.597,0.014,NaN,NaN,2588.655,0.287,0,63.479,-8.062,0,25.459,293.153,NaN,NaN,NaN
87.424,235.503,-5.542,7.462,-0.016,NaN,NaN,2588.655,0.287,0,63.479,-8.062,0,25.338,293.153,NaN,NaN,NaN
87.707,233.932,-5.546,7.395,0.016,NaN,NaN,2588.655,0.287,0,63.479,-8.062,0,25.459,293.153,NaN,NaN,NaN
87.99,232.361,-5.542,7.27,-0.01,NaN,NaN,2588.655,0.287,0,63.479,-8.062,0,25.359,293.153,NaN,NaN,NaN
88.274,230.79,-5.545,7.354,0.055,NaN,NaN,2588.655,0.287,0,63.479,-8.062,0,25.669,293.153,NaN,NaN,NaN
88.557,229.222,-5.529,7.555,-0.035,NaN,NaN,2588.655,0.287,0,63.479,-8.062,0,25.341,293.153,NaN,NaN,NaN
88.841,227.65,-5.539,7.704,-0.02,NaN,NaN,2588.655,0.287,0,63.479,-8.062,0,25.322,293.153,NaN,NaN,NaN
89.124,226.08,-5.545,7.772,0.016,NaN,NaN,2588.655,0.287,0,63.479,-8.062,0,25.455,293.153,NaN,NaN,NaN
89.407,224.511,-5.54,7.645,0.028,NaN,NaN,2588.655,0.287,0,63.479,-8.062,0,25.553,293.153,NaN,NaN,NaN
89.691,222.942,-5.532,7.454,-0.007,NaN,NaN,2588.655,0.287,0,63.479,-8.062,0,25.442,293.153,NaN,NaN,NaN
89.974,221.373,-5.534,7.293,-0.018,NaN,NaN,2588.655,0.287,0,63.479,-8.062,0,25.364,293.153,NaN,NaN,NaN
90.258,219.803,-5.539,7.185,0.004,NaN,NaN,2588.655,0.287,0,63.479,-8.062,0,25.426,293.153,NaN,NaN,NaN
90.541,218.234,-5.538,7.303,-0.012,NaN,NaN,2588.655,0.287,0,63.479,-8.062,0,25.349,293.153,NaN,NaN,NaN
90.824,216.665,-5.542,7.377,-0.005,NaN,NaN,2588.655,0.287,0,63.479,-8.062,0,25.351,293.153,NaN,NaN,NaN
91.107,215.097,-5.543,7.407,0.006,NaN,NaN,2588.655,0.287,0,63.479,-8.062,0,25.389,293.153,NaN,NaN,NaN
91.39,213.529,-5.541,7.466,-0.003,NaN,NaN,2588.655,0.287,0,63.479,-8.062,0,25.357,293.153,NaN,NaN,NaN
91.673,211.961,-5.542,7.438,0.076,NaN,NaN,2588.655,0.287,0,63.479,-8.062,0,25.752,293.153,NaN,NaN,NaN
91.956,210.396,-5.521,7.658,-0.046,NaN,NaN,2588.655,0.287,0,63.479,-8.062,0,25.313,293.153,NaN,NaN,NaN
92.24,208.827,-5.534,7.813,-0.023,NaN,NaN,2588.655,0.287,0,63.479,-8.062,0,25.306,293.153,NaN,NaN,NaN
92.523,207.259,-5.541,7.774,0.004,NaN,NaN,2588.655,0.287,0,63.479,-8.062,0,25.386,293.153,NaN,NaN,NaN
92.806,205.692,-5.539,7.838,0.02,NaN,NaN,2588.655,0.287,0,63.479,-8.062,0,25.475,293.153,NaN,NaN,NaN
93.089,204.126,-5.534,7.973,0.053,NaN,NaN,2588.655,0.287,0,63.479,-8.062,0,25.695,293.153,NaN,NaN,NaN
93.372,202.562,-5.519,7.716,-0.068,NaN,NaN,2588.655,0.287,0,63.479,-8.062,0,25.203,293.153,NaN,NaN,NaN
93.656,200.993,-5.538,7.66,6.03e-4,NaN,NaN,2588.655,0.287,0,63.479,-8.062,0,25.377,293.153,NaN,NaN,NaN
93.938,199.427,-5.538,7.595,0.028,NaN,NaN,2588.655,0.287,0,63.479,-8.062,0,25.514,293.153,NaN,NaN,NaN
94.221,197.862,-5.53,7.438,-0.03,NaN,NaN,2588.655,0.287,0,63.479,-8.062,0,25.285,293.153,NaN,NaN,NaN
94.504,196.296,-5.538,7.427,0.005,NaN,NaN,2588.655,0.287,0,63.479,-8.062,0,25.386,293.153,NaN,NaN,NaN
94.787,194.731,-5.537,7.481,-3.566e-4,NaN,NaN,2588.655,0.287,0,63.479,-8.062,0,25.367,293.153,NaN,NaN,NaN
95.069,193.166,-5.537,7.439,0.083,NaN,NaN,2588.655,0.287,0,63.479,-8.062,0,25.794,293.153,NaN,NaN,NaN
95.352,191.604,-5.514,7.181,-0.08,NaN,NaN,2588.655,0.287,0,63.479,-8.062,0,25.16,293.153,NaN,NaN,NaN
95.636,190.036,-5.536,7.237,0.083,NaN,NaN,2588.655,0.287,0,63.479,-8.062,0,25.796,293.153,NaN,NaN,NaN
95.918,188.475,-5.513,6.988,-0.064,NaN,NaN,2588.655,0.287,0,63.479,-8.062,0,25.244,293.153,NaN,NaN,NaN
96.202,186.909,-5.531,6.899,-0.007,NaN,NaN,2588.655,0.287,0,63.479,-8.062,0,25.368,293.153,NaN,NaN,NaN
96.485,185.344,-5.533,6.975,0.037,NaN,NaN,2588.655,0.287,0,63.479,-8.062,0,25.573,293.153,NaN,NaN,NaN
96.768,183.782,-5.522,7.132,-0.035,NaN,NaN,2588.655,0.287,0,63.479,-8.062,0,25.291,293.153,NaN,NaN,NaN
97.051,182.217,-5.532,7.211,0.024,NaN,NaN,2588.655,0.287,0,63.479,-8.062,0,25.501,293.153,NaN,NaN,NaN
97.333,180.655,-5.526,7.348,-0.01,NaN,NaN,2588.655,0.287,0,63.479,-8.062,0,25.386,293.153,NaN,NaN,NaN
97.616,179.092,-5.529,7.466,-0.018,NaN,NaN,2588.655,0.287,0,63.479,-8.062,0,25.315,293.153,NaN,NaN,NaN
97.899,177.528,-5.534,7.47,0.007,NaN,NaN,2588.655,0.287,0,63.479,-8.062,0,25.392,293.153,NaN,NaN,NaN
98.181,175.966,-5.532,7.408,-2.833e-4,NaN,NaN,2588.655,0.287,0,63.479,-8.062,0,25.369,293.153,NaN,NaN,NaN
98.463,174.404,-5.532,7.458,-0.002,NaN,NaN,2588.655,0.287,0,63.479,-8.062,0,25.357,293.153,NaN,NaN,NaN
98.746,172.842,-5.532,7.445,0.002,NaN,NaN,2588.655,0.287,0,63.479,-8.062,0,25.366,293.153,NaN,NaN,NaN
99.028,171.28,-5.532,7.429,0.017,NaN,NaN,2588.655,0.287,0,63.479,-8.062,0,25.448,293.153,NaN,NaN,NaN
99.31,169.719,-5.527,7.32,0.001,NaN,NaN,2588.655,0.287,0,63.479,-8.062,0,25.407,293.153,NaN,NaN,NaN
99.593,168.158,-5.526,7.425,-0.013,NaN,NaN,2588.655,0.287,0,63.479,-8.062,0,25.33,293.153,NaN,NaN,NaN
99.875,166.596,-5.53,7.459,3.415e-4,NaN,NaN,2588.655,0.287,0,63.479,-8.062,0,25.363,293.153,NaN,NaN,NaN
100.158,165.036,-5.53,7.473,0.014,NaN,NaN,2588.655,0.287,0,63.479,-8.062,0,25.428,293.153,NaN,NaN,NaN
100.44,163.475,-5.526,7.565,0.059,NaN,NaN,2588.655,0.287,0,63.479,-8.062,0,25.697,293.153,NaN,NaN,NaN
100.722,161.917,-5.51,7.328,-0.066,NaN,NaN,2588.655,0.287,0,63.479,-8.062,0,25.2,293.153,NaN,NaN,NaN
101.005,160.355,-5.528,7.297,0.002,NaN,NaN,2588.655,0.287,0,63.479,-8.062,0,25.378,293.153,NaN,NaN,NaN
101.288,158.795,-5.528,7.348,0.02,NaN,NaN,2588.655,0.287,0,63.479,-8.062,0,25.472,293.153,NaN,NaN,NaN
101.57,157.236,-5.522,7.469,0.066,NaN,NaN,2588.655,0.287,0,63.479,-8.062,0,25.761,293.153,NaN,NaN,NaN
101.852,155.679,-5.503,7.712,-0.079,NaN,NaN,2588.655,0.287,0,63.479,-8.062,0,25.177,293.153,NaN,NaN,NaN
102.136,154.117,-5.525,7.653,-0.005,NaN,NaN,2588.655,0.287,0,63.479,-8.062,0,25.35,293.153,NaN,NaN,NaN
102.418,152.557,-5.527,7.679,0.006,NaN,NaN,2588.655,0.287,0,63.479,-8.062,0,25.39,293.153,NaN,NaN,NaN
102.7,150.999,-5.525,7.615,-0.004,NaN,NaN,2588.655,0.287,0,63.479,-8.062,0,25.352,293.153,NaN,NaN,NaN
102.982,149.44,-5.526,7.606,0.007,NaN,NaN,2588.655,0.287,0,63.479,-8.062,0,25.394,293.153,NaN,NaN,NaN
103.264,147.882,-5.524,7.669,-0.001,NaN,NaN,2588.655,0.287,0,63.479,-8.062,0,25.365,293.153,NaN,NaN,NaN
103.546,146.324,-5.525,7.716,0.059,NaN,NaN,2588.655,0.287,0,63.479,-8.062,0,25.673,293.153,NaN,NaN,NaN
103.828,144.768,-5.508,7.491,-0.042,NaN,NaN,2588.655,0.287,0,63.479,-8.062,0,25.296,293.153,NaN,NaN,NaN
104.111,143.209,-5.52,7.39,-0.013,NaN,NaN,2588.655,0.287,0,63.479,-8.062,0,25.333,293.153,NaN,NaN,NaN
104.393,141.651,-5.524,7.353,0.048,NaN,NaN,2588.655,0.287,0,63.479,-8.062,0,25.611,293.153,NaN,NaN,NaN
104.675,140.096,-5.51,7.163,-0.036,NaN,NaN,2588.655,0.287,0,63.479,-8.062,0,25.295,293.153,NaN,NaN,NaN
104.957,138.537,-5.52,7.254,0.076,NaN,NaN,2588.655,0.287,0,63.479,-8.062,0,25.78,293.153,NaN,NaN,NaN
105.239,136.984,-5.499,7.482,-0.072,NaN,NaN,2588.655,0.287,0,63.479,-8.062,0,25.207,293.153,NaN,NaN,NaN
105.522,135.424,-5.519,7.589,0.041,NaN,NaN,2588.655,0.287,0,63.479,-8.062,0,25.599,293.153,NaN,NaN,NaN
105.804,133.87,-5.508,7.389,0.015,NaN,NaN,2588.655,0.287,0,63.479,-8.062,0,25.568,293.153,NaN,NaN,NaN
106.087,132.314,-5.504,7.177,-0.029,NaN,NaN,2588.655,0.287,0,63.479,-8.062,0,25.377,293.153,NaN,NaN,NaN
106.37,130.757,-5.512,7.036,0.029,NaN,NaN,2588.655,0.287,0,63.479,-8.062,0,25.6,293.153,NaN,NaN,NaN
106.652,129.203,-5.503,7.229,-0.061,NaN,NaN,2588.655,0.287,0,63.479,-8.062,0,25.205,293.153,NaN,NaN,NaN
106.934,127.645,-5.52,7.256,0.011,NaN,NaN,2588.655,0.287,0,63.479,-8.062,0,25.415,293.153,NaN,NaN,NaN
107.216,126.091,-5.517,7.334,0.001,NaN,NaN,2588.655,0.287,0,63.479,-8.062,0,25.389,293.153,NaN,NaN,NaN
107.498,124.536,-5.517,7.415,-0.004,NaN,NaN,2588.655,0.287,0,63.479,-8.062,0,25.362,293.153,NaN,NaN,NaN
107.78,122.981,-5.518,7.47,0.165,NaN,NaN,2588.655,0.287,0,63.479,-8.062,0,26.231,293.153,NaN,NaN,NaN
108.061,121.433,-5.472,7.092,-0.166,NaN,NaN,2588.655,0.287,0,63.479,-8.062,0,24.932,293.153,NaN,NaN,NaN
108.345,119.872,-5.519,7.13,0.029,NaN,NaN,2588.655,0.287,0,63.479,-8.062,0,25.508,293.153,NaN,NaN,NaN
108.627,118.319,-5.51,7.256,0.055,NaN,NaN,2588.655,0.287,0,63.479,-8.062,0,25.715,293.153,NaN,NaN,NaN
108.909,116.768,-5.495,7.482,-0.064,NaN,NaN,2588.655,0.287,0,63.479,-8.062,0,25.237,293.153,NaN,NaN,NaN
109.192,115.212,-5.513,7.602,-0.008,NaN,NaN,2588.655,0.287,0,63.479,-8.062,0,25.357,293.153,NaN,NaN,NaN
109.473,113.658,-5.515,7.537,0.006,NaN,NaN,2588.655,0.287,0,63.479,-8.062,0,25.406,293.153,NaN,NaN,NaN
109.755,112.105,-5.513,7.624,0.031,NaN,NaN,2588.655,0.287,0,63.479,-8.062,0,25.545,293.153,NaN,NaN,NaN
110.037,110.554,-5.505,7.793,-0.022,NaN,NaN,2588.655,0.287,0,63.479,-8.062,0,25.347,293.153,NaN,NaN,NaN
110.319,109,-5.511,7.685,0.028,NaN,NaN,2588.655,0.287,0,63.479,-8.062,0,25.543,293.153,NaN,NaN,NaN
110.6,107.449,-5.503,7.862,-0.041,NaN,NaN,2588.655,0.287,0,63.479,-8.062,0,25.256,293.153,NaN,NaN,NaN
110.882,105.895,-5.515,7.861,0.062,NaN,NaN,2588.655,0.287,0,63.479,-8.062,0,25.68,293.153,NaN,NaN,NaN
111.164,104.346,-5.497,7.631,-0.059,NaN,NaN,2588.655,0.287,0,63.479,-8.062,0,25.209,293.153,NaN,NaN,NaN
111.446,102.792,-5.514,7.634,0.002,NaN,NaN,2588.655,0.287,0,63.479,-8.062,0,25.366,293.153,NaN,NaN,NaN
111.727,101.241,-5.513,7.624,0.037,NaN,NaN,2588.655,0.287,0,63.479,-8.062,0,25.551,293.153,NaN,NaN,NaN
112.009,99.691,-5.503,7.455,-0.033,NaN,NaN,2588.655,0.287,0,63.479,-8.062,0,25.282,293.153,NaN,NaN,NaN
112.291,98.139,-5.512,7.496,7.083e-4,NaN,NaN,2588.655,0.287,0,63.479,-8.062,0,25.366,293.153,NaN,NaN,NaN
112.572,96.588,-5.512,7.471,8.509e-4,NaN,NaN,2588.655,0.287,0,63.479,-8.062,0,25.364,293.153,NaN,NaN,NaN
112.853,95.038,-5.512,7.458,0.019,NaN,NaN,2588.655,0.287,0,63.479,-8.062,0,25.456,293.153,NaN,NaN,NaN
113.134,93.488,-5.506,7.344,-0.016,NaN,NaN,2588.655,0.287,0,63.479,-8.062,0,25.323,293.153,NaN,NaN,NaN
113.416,91.938,-5.511,7.327,0.046,NaN,NaN,2588.655,0.287,0,63.479,-8.062,0,25.6,293.153,NaN,NaN,NaN
113.697,90.39,-5.498,7.496,0.024,NaN,NaN,2588.655,0.287,0,63.479,-8.062,0,25.602,293.153,NaN,NaN,NaN
113.979,88.842,-5.491,7.718,-0.051,NaN,NaN,2588.655,0.287,0,63.479,-8.062,0,25.267,293.153,NaN,NaN,NaN
114.261,87.29,-5.505,7.836,-0.002,NaN,NaN,2588.655,0.287,0,63.479,-8.062,0,25.384,293.153,NaN,NaN,NaN
114.543,85.741,-5.506,7.93,0.02,NaN,NaN,2588.655,0.287,0,63.479,-8.062,0,25.491,293.153,NaN,NaN,NaN
114.824,84.193,-5.5,8.082,-0.024,NaN,NaN,2588.655,0.287,0,63.479,-8.062,0,25.309,293.153,NaN,NaN,NaN
115.105,82.644,-5.507,8.03,0.021,NaN,NaN,2588.655,0.287,0,63.479,-8.062,0,25.476,293.153,NaN,NaN,NaN
115.386,81.097,-5.501,7.889,0.034,NaN,NaN,2588.655,0.287,0,63.479,-8.062,0,25.595,293.153,NaN,NaN,NaN
115.668,79.55,-5.492,7.672,0.008,NaN,NaN,2588.655,0.287,0,63.479,-8.062,0,25.543,293.153,NaN,NaN,NaN
115.95,78.002,-5.49,7.456,-0.06,NaN,NaN,2588.655,0.287,0,63.479,-8.062,0,25.205,293.153,NaN,NaN,NaN
116.232,76.452,-5.507,7.471,0.004,NaN,NaN,2588.655,0.287,0,63.479,-8.062,0,25.378,293.153,NaN,NaN,NaN
116.513,74.905,-5.506,7.429,0.034,NaN,NaN,2588.655,0.287,0,63.479,-8.062,0,25.541,293.153,NaN,NaN,NaN
116.794,73.36,-5.496,7.581,-0.016,NaN,NaN,2588.655,0.287,0,63.479,-8.062,0,25.367,293.153,NaN,NaN,NaN
117.075,71.812,-5.5,7.47,0.053,NaN,NaN,2588.655,0.287,0,63.479,-8.062,0,25.677,293.153,NaN,NaN,NaN
117.356,70.268,-5.486,7.24,-0.06,NaN,NaN,2588.655,0.287,0,63.479,-8.062,0,25.228,293.153,NaN,NaN,NaN
117.638,68.719,-5.502,7.325,-0.006,NaN,NaN,2588.655,0.287,0,63.479,-8.062,0,25.347,293.153,NaN,NaN,NaN
117.919,67.173,-5.504,7.336,0.068,NaN,NaN,2588.655,0.287,0,63.479,-8.062,0,25.714,293.153,NaN,NaN,NaN
118.2,65.629,-5.485,7.111,-0.052,NaN,NaN,2588.655,0.287,0,63.479,-8.062,0,25.262,293.153,NaN,NaN,NaN
118.482,64.082,-5.5,7.215,-0.007,NaN,NaN,2588.655,0.287,0,63.479,-8.062,0,25.359,293.153,NaN,NaN,NaN
118.763,62.536,-5.501,7.275,0.018,NaN,NaN,2588.655,0.287,0,63.479,-8.062,0,25.465,293.153,NaN,NaN,NaN
119.044,60.992,-5.496,7.152,-0.015,NaN,NaN,2588.655,0.287,0,63.479,-8.062,0,25.335,293.153,NaN,NaN,NaN
119.325,59.446,-5.501,7.211,0.003,NaN,NaN,2588.655,0.287,0,63.479,-8.062,0,25.386,293.153,NaN,NaN,NaN
119.605,57.902,-5.5,7.275,0.002,NaN,NaN,2588.655,0.287,0,63.479,-8.062,0,25.386,293.153,NaN,NaN,NaN
119.886,56.357,-5.499,7.207,-0.005,NaN,NaN,2588.655,0.287,0,63.479,-8.062,0,25.35,293.153,NaN,NaN,NaN
120.167,54.813,-5.501,7.223,0.025,NaN,NaN,2588.655,0.287,0,63.479,-8.062,0,25.488,293.153,NaN,NaN,NaN
120.448,53.27,-5.494,7.095,0.013,NaN,NaN,2588.655,0.287,0,63.479,-8.062,0,25.489,293.153,NaN,NaN,NaN
120.729,51.727,-5.49,7.243,-0.029,NaN,NaN,2588.655,0.287,0,63.479,-8.062,0,25.297,293.153,NaN,NaN,NaN
121.01,50.182,-5.498,7.304,0.03,NaN,NaN,2588.655,0.287,0,63.479,-8.062,0,25.525,293.153,NaN,NaN,NaN
121.291,48.64,-5.49,7.15,-0.024,NaN,NaN,2588.655,0.287,0,63.479,-8.062,0,25.322,293.153,NaN,NaN,NaN
121.572,47.096,-5.496,7.085,0.06,NaN,NaN,2588.655,0.287,0,63.479,-8.062,0,25.691,293.153,NaN,NaN,NaN
121.852,45.556,-5.48,6.872,-0.032,NaN,NaN,2588.655,0.287,0,63.479,-8.062,0,25.368,293.153,NaN,NaN,NaN
122.134,44.012,-5.488,6.744,-0.018,NaN,NaN,2588.655,0.287,0,63.479,-8.062,0,25.351,293.153,NaN,NaN,NaN
122.415,42.469,-5.494,6.833,0.201,NaN,NaN,2588.655,0.287,0,63.479,-8.062,0,26.446,293.153,NaN,NaN,NaN
122.696,40.935,-5.437,7.156,-0.071,NaN,NaN,2588.655,0.287,0,63.479,-8.062,0,25.545,293.153,NaN,NaN,NaN
122.979,39.39,-5.457,7.487,-0.127,NaN,NaN,2588.655,0.287,0,63.479,-8.062,0,25.06,293.153,NaN,NaN,NaN
123.262,37.843,-5.493,7.426,-0.005,NaN,NaN,2588.655,0.287,0,63.479,-8.062,0,25.356,293.153,NaN,NaN,NaN
123.542,36.302,-5.495,7.38,0.047,NaN,NaN,2588.655,0.287,0,63.479,-8.062,0,25.613,293.153,NaN,NaN,NaN
123.823,34.762,-5.482,7.558,-0.007,NaN,NaN,2588.655,0.287,0,63.479,-8.062,0,25.448,293.153,NaN,NaN,NaN
124.104,33.221,-5.484,7.389,0.028,NaN,NaN,2588.655,0.287,0,63.479,-8.062,0,25.609,293.153,NaN,NaN,NaN
124.385,31.681,-5.476,7.17,-0.053,NaN,NaN,2588.655,0.287,0,63.479,-8.062,0,25.257,293.153,NaN,NaN,NaN
124.666,30.139,-5.491,7.271,-0.009,NaN,NaN,2588.655,0.287,0,63.479,-8.062,0,25.343,293.153,NaN,NaN,NaN
124.947,28.598,-5.493,7.307,0.118,NaN,NaN,2588.655,0.287,0,63.479,-8.062,0,25.976,293.153,NaN,NaN,NaN
125.227,27.063,-5.46,7.575,-0.081,NaN,NaN,2588.655,0.287,0,63.479,-8.062,0,25.244,293.153,NaN,NaN,NaN
125.509,25.52,-5.483,7.755,0.014,NaN,NaN,2588.655,0.287,0,63.479,-8.062,0,25.521,293.153,NaN,NaN,NaN
125.79,23.981,-5.479,7.562,0.018,NaN,NaN,2588.655,0.287,0,63.479,-8.062,0,25.573,293.153,NaN,NaN,NaN
126.071,22.443,-5.474,7.345,-0.051,NaN,NaN,2588.655,0.287,0,63.479,-8.062,0,25.259,293.153,NaN,NaN,NaN
126.352,20.902,-5.488,7.269,0.015,NaN,NaN,2588.655,0.287,0,63.479,-8.062,0,25.466,293.153,NaN,NaN,NaN
126.632,19.363,-5.484,7.138,-0.021,NaN,NaN,2588.655,0.287,0,63.479,-8.062,0,25.313,293.153,NaN,NaN,NaN
126.913,17.824,-5.49,7.105,0.107,NaN,NaN,2588.655,0.287,0,63.479,-8.062,0,25.923,293.153,NaN,NaN,NaN
127.193,16.29,-5.46,7.352,-0.006,NaN,NaN,2588.655,0.287,0,63.479,-8.062,0,25.611,293.153,NaN,NaN,NaN
127.475,14.751,-5.462,7.626,-0.053,NaN,NaN,2588.655,0.287,0,63.479,-8.062,0,25.343,293.153,NaN,NaN,NaN
127.756,13.211,-5.477,7.824,-0.043,NaN,NaN,2588.655,0.287,0,63.479,-8.062,0,25.252,293.153,NaN,NaN,NaN
128.037,11.672,-5.489,7.807,0.01,NaN,NaN,2588.655,0.287,0,63.479,-8.062,0,25.414,293.153,NaN,NaN,NaN
128.317,10.135,-5.486,7.718,-0.002,NaN,NaN,2588.655,0.287,0,63.479,-8.062,0,25.374,293.153,NaN,NaN,NaN
128.597,8.598,-5.486,7.65,0.151,NaN,NaN,2588.655,0.287,0,63.479,-8.062,0,26.164,293.153,NaN,NaN,NaN
128.877,7.067,-5.444,7.279,-0.108,NaN,NaN,2588.655,0.287,0,63.479,-8.062,0,25.202,293.153,NaN,NaN,NaN
129.16,5.526,-5.475,7.127,-0.037,NaN,NaN,2588.655,0.287,0,63.479,-8.062,0,25.285,293.153,NaN,NaN,NaN
129.44,3.988,-5.485,7.068,0.025,NaN,NaN,2588.655,0.287,0,63.479,-8.062,0,25.506,293.153,NaN,NaN,NaN
129.72,2.453,-5.478,7.202,0.048,NaN,NaN,2588.655,0.287,0,63.479,-8.062,0,25.689,293.153,NaN,NaN,NaN
130.169,0,-5.456,7.559,0.1,NaN,NaN,2588.655,0.287,0,63.479,-8.062,0,26.158,293.153,NaN,NaN,NaN
